Name,Year,Theme,Pieces,USD_MSRP,Current_Price
Straight Rails,1991,Trains,8.0,12.99,50.4242
Curved Rails,1991,Trains,8.0,12.99,16.0
Manual Points with Track,1991,Trains,6.0,27.99,28.0
Transformer and Speed Regulator,1991,Trains,3.0,41.99,60.0
Large Building Plate,1992,Duplo,1.0,14.99,7.0
"Building Plate, Green",1996,Basic,1.0,4.99,7.95
X-Large Baseplate Grey,1996,Basic,1.0,14.99,15.0
Rail Crossing,1999,Trains,1.0,9.99,37.3279
Castle Expander Pack,2000,Bulk Bricks,24.0,4.99,10.0
Green Passenger Wagon,2001,Trains,194.0,19.99,84.44
Arch,2002,Bulk Bricks,36.0,5.99,7.95
Red Plates,2002,Bulk Bricks,84.0,4.99,7.0
Train Motor 9 V,2002,Trains,3.0,24.99,114.99
Technic Bushes,2003,Bulk Bricks,130.0,9.99,10.98
Train Connection Wire,2003,Trains,1.0,8.99,75.0
Angel,2003,Seasonal,33.0,2.49,15.0
Pop Studio,2004,Belville,102.0,22.99,39.99
Police Motorcycle,2005,City,28.0,3.99,8.0
Police Car,2005,City,59.0,5.99,11.0
Fire Helicopter,2005,City,75.0,9.99,24.99
Fire Truck,2005,City,214.0,22.99,25.2
Fire Car,2005,City,46.0,3.99,8.0
Street Sweeper,2005,City,63.0,7.99,20.0
Construction Site,2005,City,298.0,39.99,75.0
Prisoner Transport,2005,City,98.0,12.99,33.7309
Mini Digger,2005,City,36.0,3.99,10.0
XXL Mobile Crane,2005,City,524.0,69.99,210.0
Straight & Crossroad Plates,2005,City,2.0,14.99,15.99
T-Junction & Curved Road Plates,2005,City,2.0,14.99,15.99
Fork-Lift,2005,Technic,729.0,69.99,169.6085
Toa Hordika Vakama,2005,Bionicle,48.0,8.99,42.275
Death Star II,2005,Star Wars,3441.0,269.99,1800.0
Sandcrawler,2005,Star Wars,1669.0,139.99,388.88
Mrs. Bunny,2005,Seasonal,61.0,3.99,9.0
Krusty Krab,2006,SpongeBob SquarePants,295.0,19.99,218.0
Build-A-Bob,2006,SpongeBob SquarePants,445.0,29.99,93.75
Adventures in Bikini Bottom,2006,SpongeBob SquarePants,579.0,39.99,249.99
Auto Pod,2006,Creator,56.0,3.49,11.0
Robo Pod,2006,Creator,65.0,3.49,12.0
Prehistoric Power,2006,Creator,380.0,19.99,112.5
Roaring Roadsters,2006,Creator,931.0,60.0,50.0
Baby Zoo,2006,Duplo,18.0,9.99,66.752
LEGO Classic House Building,2006,Make and Create,233.0,14.99,20.0
V-wing Fighter,2006,Star Wars,118.0,10.0,46.3719
B-wing Fighter,2006,Star Wars,435.0,34.99,150.0
Slave I,2006,Star Wars,537.0,49.99,350.0
Jabba's Sail Barge,2006,Star Wars,781.0,74.99,619.5476
Imperial Star Destroyer,2006,Star Wars,1367.0,99.99,399.99
X-wing Fighter,2006,Star Wars,437.0,49.99,95.4406
Viking Double Catapult vs. the Armored Ofnir Dragon,2006,Vikings,505.0,39.99,90.0
Stealth Hunter,2006,Exo-Force,164.0,14.99,74.0969
Striking Venom,2006,Exo-Force,646.0,49.99,100.0
Sentry,2006,Exo-Force,78.0,4.99,18.5242
The Batmobile: Two-Face's Escape,2006,Batman,386.0,29.99,249.99
Arkham Asylum,2006,Batman,860.0,79.99,499.99
Ambulance,2006,City,118.0,7.99,49.99
Airport Fire Truck,2006,City,148.0,14.99,39.55
Switching Tracks,2006,City,8.0,15.99,10.0
Airplane Mechanic,2006,City,26.0,3.49,17.0
Doctor's Car,2006,City,66.0,5.99,24.99
Rescue Helicopter,2006,City,249.0,19.99,55.0
Building Crane,2006,City,721.0,69.99,330.3712
Fire Truck,2006,Technic,1035.0,74.99,131.76
Race for the Mask of Life,2006,Bionicle,507.0,59.99,90.0
Dracus,2006,Castle,38.0,9.99,50.0
Toa Jaller,2006,Bionicle,46.0,10.0,70.923
Toa Hahli,2006,Bionicle,46.0,9.99,57.7939
Toa Kongu,2006,Bionicle,46.0,9.99,44.7935
Interactive Servo Motor,2006,Mindstorms,1.0,24.99,34.99
Touch Sensor,2006,Mindstorms,1.0,24.99,1.85
Sound Sensor,2006,Mindstorms,1.0,34.99,12.99
Ultrasonic Sensor,2006,Mindstorms,1.0,39.99,9.99
Holiday Train,2006,Advanced models,965.0,89.99,499.97
Imperial AT-ST,2006,Star Wars,1068.0,79.99,570.0
Vader's TIE Advanced,2006,Star Wars,1212.0,99.99,979.0
King's Castle,2006,Castle,869.0,99.99,499.0
Boeing 787 Dreamliner,2006,Advanced models,1197.0,79.99,635.0
Mini Construction,2007,Creator,68.0,4.99,11.88
Mini Robots,2007,Creator,77.0,4.99,26.5275
Mini Flyers,2007,Creator,76.0,4.99,8.95
Doc & Patient,2007,City,18.0,2.99,22.0
Model Town House,2007,Creator,1174.0,69.99,242.7831
Big Rig,2007,Creator,550.0,30.0,150.0
House,2007,Creator,731.0,49.99,124.99
Ferris Wheel,2007,Creator,1063.0,69.99,200.0
Mrs. Puff's Boating School,2007,SpongeBob SquarePants,393.0,49.99,149.99
Skeleton Ship Attack,2007,Castle,628.0,69.99,400.0
Dwarves' Mine,2007,Castle,575.0,59.99,255.109
Crossbow Attack,2007,Castle,54.0,5.99,39.99
Knight's Catapult Defense,2007,Castle,123.0,9.99,59.99
Skeleton Tower,2007,Castle,398.0,49.99,313.5
Royal Summer Palace,2007,Belville,167.0,59.99,200.0
Droids Battle Pack,2007,Star Wars,102.0,9.99,74.95
Clone Troopers Battle Pack,2007,Star Wars,58.0,9.99,95.0
General Grievous Starfighter,2007,Star Wars,232.0,19.99,59.7246
Y-wing Fighter,2007,Star Wars,454.0,39.99,74.0594
Imperial Landing Craft,2007,Star Wars,471.0,49.99,107.8926
Naboo N-1 Starfighter with Vulture Droid,2007,Star Wars,280.0,29.99,110.0
Jedi Starfighter with Hyperdrive Booster Ring,2007,Star Wars,575.0,49.99,330.0
Trade Federation MTT,2007,Star Wars,1330.0,99.99,806.9676
Sith Infiltrator,2007,Star Wars,310.0,29.99,90.0
TIE Crawler,2007,Star Wars,548.0,49.99,189.0
Republic Cruiser,2007,Star Wars,919.0,89.99,328.4855
Hoth Rebel Base,2007,Star Wars,548.0,49.99,130.0
MB-01 Eagle Command Base,2007,Space,760.0,89.99,197.991
ETX Alien Mothership Assault ,2007,Space,434.0,49.99,180.0
MX-71 Recon Dropship ,2007,Space,435.0,39.99,151.65
ETX Alien Strike,2007,Space,246.0,19.99,88.099
MX-11 Astro Fighter ,2007,Space,57.0,4.99,26.0408
MT-101 Armored Drilling Unit,2007,Space,635.0,79.99,225.0
Golden Guardian,2007,Exo-Force,267.0,24.99,187.0
Angler Ambush,2007,Aqua Raiders,130.0,9.99,23.5085
The Shipwreck,2007,Aqua Raiders,241.0,24.99,110.1959
The Batcopter: The Chase for Scarecrow,2007,Batman,293.0,29.99,385.0
Cement Truck,2007,Creator,44.0,3.99,8.0
City Advent Calendar,2007,City,232.0,24.99,15.0
Off-Road Fire Rescue,2007,City,131.0,9.99,22.3226
Fire Hovercraft,2007,City,274.0,29.99,97.0516
Fire Station,2007,City,600.0,59.99,133.0887
Cement Mixer,2007,City,213.0,14.99,99.99
Container Stacker,2007,City,218.0,19.99,51.0
Service Station,2007,City,402.0,39.99,92.0
LEGO City Harbor,2007,City,659.0,89.99,399.0
Train Rail Crossing,2007,City,4.0,24.99,187.9664
Train Station,2007,City,387.0,44.99,185.0
Claw Crusher,2007,Exo-Force,99.0,7.99,40.0
Blade Titan,2007,Exo-Force,162.0,14.99,88.0
Sky Guardian,2007,Exo-Force,144.0,14.99,55.0
Aero Booster,2007,Exo-Force,312.0,29.99,150.0
Fight for the Golden Tower,2007,Exo-Force,571.0,49.99,175.0
Mobile Devastator,2007,Exo-Force,1009.0,89.99,314.0
Terrain Crusher,2007,Racers,44.0,4.99,22.29
Raceway Rider,2007,Racers,51.0,4.99,10.7702
Night Driver,2007,Racers,41.0,4.99,20.0
Rally Runner,2007,Racers,51.0,4.99,20.0
Night Crusher,2007,Racers,265.0,19.99,45.0
Ferrari F430 Challenge 1:17,2007,Racers,690.0,49.99,186.9474
Nitro Muscle,2007,Racers,598.0,49.99,75.0
Bullet Run,2007,Racers,796.0,49.99,130.0
Snowmobile,2007,Technic,331.0,29.99,67.1902
Toa Kongu,2007,Bionicle,64.0,9.99,130.0
Toa Jaller,2007,Bionicle,68.0,9.99,175.0
Toa Nuparu,2007,Bionicle,59.0,9.99,175.0
Toa Hahli,2007,Bionicle,59.0,9.99,125.0
Toa Matoro,2007,Bionicle,63.0,9.99,75.0
Carapar,2007,Bionicle,50.0,9.99,80.0
Mantax,2007,Bionicle,58.0,9.99,63.4574
Ehlek,2007,Bionicle,54.0,9.99,200.0
Pridak,2007,Bionicle,47.0,9.99,80.0
Gadunka,2007,Bionicle,176.0,19.99,174.9319
Hydraxon,2007,Bionicle,165.0,19.99,300.0
Maxilos and Spinax,2007,Bionicle,256.0,29.99,495.0
Barraki Deepsea Patrol ,2007,Bionicle,228.0,29.99,120.0
Toa Terrain Crawler ,2007,Bionicle,674.0,69.99,215.0
Defilak,2007,Bionicle,37.0,4.99,25.0
Dekar,2007,Bionicle,37.0,4.99,40.0
Morak,2007,Bionicle,40.0,4.99,34.99
Squid Ammo,2007,Bionicle,7.0,1.99,15.0
Nocturn,2007,Bionicle,116.0,14.99,175.0
Lesovikk,2007,Bionicle,149.0,19.99,199.99
Wheels Set,2007,Education,360.0,39.99,37.3279
Motorized Walking AT-AT,2007,Star Wars,1137.0,129.99,590.0
Ultimate Collector's Millennium Falcon,2007,Star Wars,5197.0,499.99,1645.9363
Cafe Corner,2007,Advanced models,2056.0,139.99,1850.0
Market Street,2007,Advanced models,1248.0,89.99,3099.99
Infrared Seeker,2007,Mindstorms,1.0,49.99,34.99
The Bikini Bottom Express,2008,SpongeBob SquarePants,210.0,19.99,199.99
Rocket Ride,2008,SpongeBob SquarePants,279.0,29.99,199.99
The Emergency Room,2008,SpongeBob SquarePants,236.0,29.99,160.0
Coast Guard Platform,2008,City,469.0,49.99,270.0
Mini Trains,2008,Creator,73.0,4.99,15.0
Cool Convertible,2008,Creator,648.0,49.99,85.0
Beach House,2008,Creator,522.0,34.99,90.0
Stegosaurus,2008,Creator,731.0,49.99,125.0
Builder,2008,City,23.0,3.49,9.0
Public Works,2008,City,31.0,3.49,5.4666
Police Officer,2008,City,21.0,3.49,6.65
Firefighter,2008,City,25.0,3.49,5.2346
The Knight,2008,Castle,21.0,3.49,12.0
Mini Robot,2008,Space,24.0,3.49,11.1603
Troll Warrior,2008,Castle,19.0,3.49,14.6928
Crystal Hawk,2008,Space,26.0,3.49,11.1603
Street Cleaner,2008,City,22.0,3.49,10.0
Coast Guard Kayak,2008,City,21.0,3.49,8.0
Tower Raid,2008,Castle,364.0,29.99,188.0
Troll Assault Wagon,2008,Castle,161.0,19.99,88.88
Troll Battle Wheel,2008,Castle,508.0,39.99,143.178
Troll Warship,2008,Castle,493.0,79.99,412.0
Indiana Jones Motorcycle Chase,2008,Indiana Jones,79.0,9.99,124.95
Indiana Jones and the Lost Tomb,2008,Indiana Jones,277.0,19.99,257.3433
Temple Escape,2008,Indiana Jones,554.0,59.99,650.0
Jungle Duel,2008,Indiana Jones,90.0,9.99,59.95
River Chase,2008,Indiana Jones,234.0,19.99,135.0
Jungle Cutter,2008,Indiana Jones,511.0,39.99,170.0
Temple of the Crystal Skull,2008,Indiana Jones,929.0,79.99,399.99
Peril in Peru,2008,Indiana Jones,625.0,49.99,169.99
MT-21 Mobile Mining Unit,2008,Space,130.0,9.99,47.8096
Imperial Dropship,2008,Star Wars,81.0,9.99,89.99
Rebel Scout Speeder,2008,Star Wars,82.0,9.99,50.8476
Anakin's Jedi Starfighter,2008,Star Wars,153.0,19.99,73.8855
Hailfire Droid & Spider Droid,2008,Star Wars,249.0,19.99,92.0
AT-AP Walker,2008,Star Wars,392.0,39.99,110.0
Rogue Shadow,2008,Star Wars,482.0,49.99,260.0
Magna Guard Starfighter,2008,Star Wars,431.0,44.99,175.0
V-19 Torrent,2008,Star Wars,471.0,54.99,247.5
AT-TE Walker,2008,Star Wars,798.0,89.99,450.0
Republic Attack Gunship,2008,Star Wars,1034.0,119.99,765.0
Droid Gunship,2008,Star Wars,329.0,29.99,139.99
Republic Fighter Tank,2008,Star Wars,592.0,49.99,325.0
The Twilight,2008,Star Wars,882.0,99.99,275.0
Separatist Spider Droid,2008,Star Wars,206.0,29.99,329.99
Mail Van,2008,City,66.0,7.99,35.0
Air Mail,2008,City,88.0,14.99,43.0
Truck & Forklift,2008,City,343.0,24.99,149.99
Cargo Plane,2008,City,463.0,49.99,290.0
Coast Guard Quad Bike,2008,City,33.0,4.99,9.99
Coast Guard 4WD & Jet Scooter,2008,City,130.0,9.99,20.0109
Coast Guard Helicopter & Life Raft,2008,City,445.0,39.99,100.0
Police Helicopter,2008,City,94.0,9.99,16.0
Police Headquarters,2008,City,953.0,89.99,200.0
The Tumbler: Joker's Ice Cream Surprise,2008,Batman,449.0,49.99,550.0
V-19 Torrent,2008,Star Wars,66.0,3.99,7.99
River Dragon,2008,Exo-Force,112.0,7.99,40.0
Arachnoid Stalker,2008,Exo-Force,131.0,7.99,48.88
Assault Tiger,2008,Exo-Force,163.0,14.99,80.0
Chameleon Hunter,2008,Exo-Force,188.0,14.99,60.0
Dark Panther,2008,Exo-Force,244.0,14.99,65.0
Storm Lasher,2008,Exo-Force,283.0,19.99,59.0
Hybrid Rescue Tank,2008,Exo-Force,347.0,29.99,148.0
EZ-Roadster,2008,Racers,45.0,4.99,10.95
Midnight Streak,2008,Racers,43.0,4.99,14.95
ZX Turbo,2008,Racers,55.0,4.99,21.4467
Speed Chasing,2008,Racers,142.0,12.99,39.0
Ferrari F1 Truck,2008,Racers,270.0,19.99,44.3726
Ferrari F1 1:9,2008,Racers,997.0,89.99,500.0
Cruncher Block & Racer X,2008,Racers,367.0,39.99,76.95
Grand Prix Race,2008,Racers,595.0,59.99,285.0
Cherry Picker,2008,Technic,726.0,59.99,239.95
LEGO® Power Functions Motor Set,2008,Power Functions,10.0,29.99,65.0
Excavator,2008,Technic,720.0,59.99,188.88
Telescopic Handler,2008,Technic,1182.0,89.99,167.9755
Crosstown Craze,2008,Racers,503.0,39.99,90.9
Jetpack Pursuit,2008,Agents,88.0,9.99,26.0
Speedboat Rescue,2008,Agents,340.0,39.99,73.7117
Mobile Command Center,2008,Agents,1154.0,89.99,325.0
Deep Sea Quest,2008,Agents,520.0,49.99,220.5916
Toa Pohatu,2008,Bionicle,68.0,12.99,48.5263
Toa Onua,2008,Bionicle,62.0,12.99,75.0
Antroz,2008,Bionicle,53.0,12.99,129.49
Vamprah,2008,Bionicle,49.0,12.99,52.2591
Chirox,2008,Bionicle,49.0,12.99,67.1902
Krika,2008,Bionicle,40.0,12.99,75.0
Gorast,2008,Bionicle,51.0,12.99,45.0
Bitil,2008,Bionicle,54.0,12.99,60.0
Toa Ignika,2008,Bionicle,140.0,19.99,149.85
Battery Box,2008,Power Functions,1.0,6.99,25.0
XL-Motor,2008,Power Functions,1.0,9.99,40.0
M-Motor,2008,Power Functions,1.0,7.49,20.0
IR Receiver,2008,Power Functions,1.0,14.99,25.0
IR Remote Control,2008,Power Functions,1.0,9.49,16.0
Extension Cable (20cm),2008,Power Functions,1.0,2.99,10.0
Rockoh T3,2008,Bionicle,390.0,39.99,103.9365
Radiak,2008,Bionicle,16.0,6.99,30.0
Gavla,2008,Bionicle,14.0,6.99,25.0
Kirop,2008,Bionicle,14.0,6.99,35.0
Mazeka,2008,Bionicle,301.0,29.99,160.0
Town Plan,2008,Advanced models,1981.0,149.99,335.9511
Green Grocer,2008,Advanced models,2352.0,149.99,1500.0
General Grievous,2008,Star Wars,1085.0,89.99,350.0
Volkswagen Beetle,2008,Advanced models,1626.0,119.99,625.0
Death Star,2008,Star Wars,3803.0,399.99,869.99
Star Justice,2008,Factory,895.0,99.99,109.2469
Space Skulls,2008,Factory,956.0,99.99,74.7789
Custom Car Garage,2008,Factory,893.0,69.99,110.6153
Sears Tower,2008,Architecture,69.0,19.99,150.0
John Hancock Center,2008,Architecture,69.0,19.99,180.0
Vintage Minifigure Collection Vol. 1,2008,Miscellaneous,21.0,17.99,50.0
Krusty Krab Adventures,2009,SpongeBob SquarePants,209.0,24.99,250.0
Good Neighbours at Bikini Bottom,2009,SpongeBob SquarePants,425.0,39.99,250.0
Robo Champ,2009,Games,118.0,4.99,11.88
Magikus ,2009,Games,108.0,9.99,10.0
Monster 4,2009,Games,141.0,14.99,18.88
Minotaurus,2009,Games,211.0,24.99,50.0
Ramses Pyramid ,2009,Games,217.0,29.99,38.88
Creationary ,2009,Games,338.0,34.99,40.0
Thomas at Morgan's Mine,2009,Duplo,22.0,29.99,85.0
Squidman Escape,2009,Space,42.0,5.99,18.5242
Freeze Ray Frenzy,2009,Space,80.0,9.99,50.0
Gold Heist,2009,Space,205.0,19.99,46.44
Container Heist,2009,Space,282.0,29.99,80.0
Hyperspeed Pursuit,2009,Space,456.0,49.99,142.0
Galactic Enforcer,2009,Space,825.0,99.99,167.9755
Max Security Transport,2009,Space,330.0,39.99,135.0
Squidman's Pitstop,2009,Space,389.0,49.99,98.0
Fire Fighter Building Set,2009,Bricks and More,117.0,9.99,10.0
Pirate Building Set,2009,Bricks and More,150.0,9.99,19.99
Castle Building Set,2009,Bricks and More,137.0,9.99,17.0
Cannon Battle,2009,Pirates,45.0,5.99,29.98
Kraken Attackin',2009,Pirates,78.0,9.99,40.0
Loot Island,2009,Pirates,142.0,19.99,125.0
Soldiers' Fort,2009,Pirates,367.0,49.99,280.0
Brickbeard's Bounty,2009,Pirates,592.0,99.99,330.8699
Shipwreck Hideout,2009,Pirates,310.0,39.99,188.0
Mini Off-Roader,2009,Creator,64.0,5.99,10.4518
Fire Rescue,2009,Creator,771.0,59.99,119.99
Highway Transport,2009,Creator,1294.0,89.99,149.3116
Family Home,2009,Creator,976.0,59.99,155.0
King's Battle Chariot,2009,Castle,103.0,19.99,72.4974
Drawbridge Defense,2009,Castle,335.0,39.99,252.0
Trolls' Mountain Fortress,2009,Castle,844.0,99.99,299.1902
Ambush In Cairo,2009,Indiana Jones,79.0,10.99,105.0
Chauchilla Cemetery Battle,2009,Indiana Jones,187.0,19.99,139.95
Venice Canal Chase,2009,Indiana Jones,420.0,39.99,183.8166
Fighter Plane Attack,2009,Indiana Jones,384.0,49.99,282.5
The Temple of Doom,2009,Indiana Jones,652.0,89.99,540.0
Crawler Crane,2009,City,481.0,59.99,100.9254
4WD with Horse Trailer,2009,City,176.0,17.48,63.0
Combine Harvester,2009,City,360.0,44.99,261.2953
Farm,2009,City,609.0,89.99,300.0
Camper,2009,City,165.0,16.99,40.0
City Corner,2009,City,483.0,59.99,99.0
Shanghai Chase,2009,Indiana Jones,244.0,29.99,199.0
Fight on the Flying Wing,2009,Indiana Jones,376.0,49.99,329.95
Dozer,2009,City,352.0,39.99,71.3564
City Advent Calendar,2009,City,257.0,29.99,45.0
Single-Drum Roller,2009,City,208.0,29.99,48.085
Wind Turbine Transport,2009,City,444.0,59.99,116.7003
Corporate Alliance Tank Droid,2009,Star Wars,216.0,24.99,105.0
Echo Base,2009,Star Wars,155.0,24.99,63.5875
Ahsoka's Starfighter and Vulture Droid,2009,Star Wars,291.0,39.99,238.0
Count Dooku's Solar Sailer,2009,Star Wars,385.0,54.99,290.0
Pirate Tank,2009,Star Wars,372.0,39.99,104.5181
Home One Mon Calamari Star Cruiser,2009,Star Wars,789.0,109.99,170.0
Midi-scale Millennium Falcon,2009,Star Wars,356.0,39.99,159.95
Clone Walker Battle Pack,2009,Star Wars,72.0,11.99,75.0
Assassin Droids Battle Pack,2009,Star Wars,94.0,11.99,39.5
Hyena Droid Bomber,2009,Star Wars,232.0,19.99,110.0
Darth Vader's TIE Fighter,2009,Star Wars,251.0,29.99,249.98
Armored Assault Tank (AAT),2009,Star Wars,407.0,49.99,168.0
Republic Attack Shuttle,2009,Star Wars,636.0,59.99,374.95
Separatist Shuttle,2009,Star Wars,259.0,29.99,95.0
Anakin's Y-wing Starfighter,2009,Star Wars,570.0,59.99,275.0
The Battle of Endor,2009,Star Wars,890.0,99.99,260.0
Venator-Class Republic Attack Cruiser,2009,Star Wars,1170.0,119.99,700.0
Tractor with Trailer,2009,Technic,1100.0,99.99,188.88
Thunder Racer,2009,Racers,48.0,4.99,10.0
Rally Sprinter,2009,Racers,47.0,4.99,20.0
Track Marshall,2009,Racers,48.0,4.99,15.0
Desert Viper,2009,Racers,41.0,4.99,16.0
Ferrari F1 Racers,2009,Racers,139.0,14.99,44.99
Thunder Raceway,2009,Racers,160.0,14.99,24.99
Desert Challenge,2009,Racers,144.0,14.99,11.953
Race Rig,2009,Racers,104.0,12.99,10.0
Ferrari Victory,2009,Racers,202.0,19.99,125.0
Street Extreme,2009,Racers,757.0,69.99,157.0
Crane Truck,2009,Technic,1877.0,149.99,480.0
Mini Bulldozer,2009,Technic,165.0,9.99,24.5
Hauler,2009,Technic,575.0,69.99,127.5539
Front Loader,2009,Technic,1061.0,79.99,175.0
Soldier's Arsenal,2009,Pirates,17.0,3.49,14.8087
Pirate Survival,2009,Pirates,16.0,3.49,18.0
BBQ Stand,2009,City,22.0,3.49,11.0
K-9 Bot,2009,Space,22.0,3.49,12.967
Space Speeder,2009,Space,14.0,3.49,9.6326
City Minifigure Collection,2009,City,60.0,9.99,15.0
Sports Car,2009,City,68.0,9.99,9.0
Underground Mining Station,2009,Power Miners,637.0,79.99,293.0166
Train Motor,2009,Power Functions,7.0,10.99,15.0
Flexible Train Tracks,2009,City,64.0,24.99,40.0
Polarity Switch,2009,Power Functions,1.0,5.79,27.86
Light Set,2009,Power Functions,1.0,6.49,18.5601
Extension Cable (50cm),2009,Power Functions,1.0,3.99,17.99
Rechargeable Battery Box,2009,Power Functions,1.0,49.99,150.0
IR Speed Remote Control,2009,Power Functions,1.0,12.99,44.99
Transformer 10V DC,2009,Power Functions,1.0,29.99,32.12
Stone Chopper,2009,Power Miners,31.0,5.99,30.0
Mine Mech,2009,Power Miners,67.0,7.99,45.0
Claw Digger,2009,Power Miners,197.0,19.99,90.0
Thunder Driller,2009,Power Miners,235.0,29.99,200.0
Crystal Sweeper,2009,Power Miners,474.0,69.99,260.0
Crystal King,2009,Power Miners,168.0,19.99,129.98
Titanium Command Rig,2009,Power Miners,706.0,99.99,410.0
Gold Tooth's Getaway,2009,Agents,68.0,9.99,24.99
River Heist,2009,Agents,203.0,19.99,41.0
Robo Attack,2009,Agents,414.0,49.99,110.0
Aerial Defense Unit,2009,Agents,733.0,79.99,175.0
Berix,2009,Bionicle,15.0,6.99,33.0
Metus,2009,Bionicle,14.0,6.99,20.0
Zesk,2009,Bionicle,16.0,6.99,40.0
Ackar,2009,Bionicle,55.0,12.99,70.0
Mata Nui,2009,Bionicle,52.0,12.99,100.0
Cendox V1,2009,Bionicle,151.0,19.99,70.0
Kaxium V3,2009,Bionicle,251.0,29.99,85.0
Baranus V7,2009,Bionicle,263.0,39.99,150.0
Thornatus V9,2009,Bionicle,438.0,59.99,190.0
Skopio XV-1,2009,Bionicle,849.0,89.99,266.6258
Medieval Market Village,2009,Castle,1601.0,99.99,419.99
Emerald Night,2009,Advanced models,1085.0,99.99,743.2448
Republic Dropship with AT-OT Walker,2009,Star Wars,1758.0,249.99,1439.5109
Grand Carousel,2009,Advanced models,3263.0,249.99,2380.7918
Fire Brigade,2009,Advanced models,2231.0,149.99,723.0887
Tantive IV,2009,Star Wars,1408.0,149.99,379.95
Winter Village Toy Shop,2009,Advanced models,815.0,59.99,220.2346
Intelligent NXT Brick (Black),2009,Mindstorms,1.0,169.99,180.0
Empire State Building,2009,Architecture,77.0,19.99,49.99
Seattle Space Needle,2009,Architecture,57.0,19.99,98.0426
Solomon Guggenheim Museum,2009,Architecture,208.0,39.99,104.6844
Fallingwater,2009,Architecture,811.0,99.99,409.9
Snowman,2009,Seasonal,44.0,4.99,20.14
Vintage Minifigure Collection Vol. 2,2009,Miscellaneous,24.0,17.99,100.0
Vintage Minifigure Collection Vol. 3,2009,Miscellaneous,22.0,17.99,98.58
Troll Warrior Battle Pack,2009,Castle,36.0,14.99,67.99
Vintage Minifigure Collection Vol. 4,2009,Miscellaneous,41.0,17.99,68.98
Small Car,2010,City,43.0,4.99,27.99
Seaplane,2010,City,102.0,10.99,25.0
Repair Truck,2010,City,118.0,12.99,36.616
Tank Truck,2010,City,222.0,19.99,149.98
Passenger Plane,2010,City,309.0,39.99,140.0
LEGO City Truck,2010,City,278.0,34.99,299.98
Helicopter and Limousine,2010,City,267.0,29.99,75.0
Shave A Sheep,2010,Games,118.0,9.99,14.956
Magma Monster,2010,Games,95.0,14.99,9.592
Pirate Plank,2010,Games,122.0,14.99,26.95
Orient Bazaar,2010,Games,204.0,19.99,25.872
Meteor Strike,2010,Games,185.0,19.99,16.0
Harry Potter Hogwarts,2010,Games,332.0,34.99,55.0
Freeing Dobby,2010,Harry Potter,73.0,10.99,20.0
Hagrid's Hut,2010,Harry Potter,442.0,39.99,70.9881
The Burrow,2010,Harry Potter,568.0,59.99,218.0
Hogwarts Express,2010,Harry Potter,646.0,79.99,180.0
Hogwarts Castle,2010,Harry Potter,1290.0,129.99,220.0
Little Piggy,2010,Duplo,4.0,4.99,3.7328
Pizza Planet Truck,2010,Duplo,13.0,19.99,34.993
Flo's V-8 Cafe,2010,Duplo,32.0,29.99,133.0
Mack's Road Trip,2010,Duplo,34.0,49.99,183.9996
Mini Helicopter,2010,Creator,52.0,5.99,9.98
Mini Dumper,2010,Creator,60.0,5.99,6.154
Super Speedster,2010,Creator,278.0,19.99,22.5
Apple Tree House,2010,Creator,539.0,44.99,119.99
Sonic Boom,2010,Creator,539.0,59.99,125.0
Off-Road Power,2010,Creator,1061.0,89.99,100.7853
Raid VPR,2010,Space,69.0,9.99,38.0
Smash 'n' Grab,2010,Space,188.0,19.99,36.5
Undercover Cruiser,2010,Space,317.0,29.99,69.98
Lunar Limo,2010,Space,391.0,39.99,162.0
Space Police Central,2010,Space,631.0,79.99,299.98
Gresh,2010,Bionicle,19.0,7.99,43.0
Takanuva,2010,Bionicle,21.0,7.99,40.0
Skrall,2010,Bionicle,21.0,7.99,22.0
Piraka,2010,Bionicle,15.0,7.99,22.0
Von Nebula,2010,HERO Factory,156.0,19.99,50.0
XPlode,2010,HERO Factory,45.0,12.99,36.7425
Rotor,2010,HERO Factory,145.0,19.99,50.0
Natalie Breez,2010,HERO Factory,19.0,7.99,18.7493
Duncan Bulk,2010,HERO Factory,17.0,7.99,24.99
Jimi Stringer,2010,HERO Factory,17.0,7.99,24.99
Fire Helicopter,2010,City,342.0,39.99,65.0
Fire Boat,2010,City,306.0,49.99,104.7324
Fire Station,2010,City,662.0,79.99,124.99
Off-Road Fire Truck & Fireboat,2010,City,388.0,39.99,85.1499
Farmer,2010,City,16.0,3.99,12.0
Traveller,2010,City,21.0,3.99,8.8264
Desert Attack,2010,Prince of Persia,57.0,10.99,22.0
The Ostrich Race,2010,Prince of Persia,169.0,19.99,38.0
The Fight for the Dagger,2010,Prince of Persia,258.0,29.99,64.95
Quest Against Time,2010,Prince of Persia,506.0,49.99,60.0
Battle of Alamut,2010,Prince of Persia,821.0,79.99,170.0
Woody and Buzz to the Rescue,2010,Toy Story,92.0,19.99,59.99
Construct-a-Zurg,2010,Toy Story,118.0,24.99,38.88
Construct-a-Buzz,2010,Toy Story,205.0,24.99,60.0
Buzz's Star Command Spaceship,2010,Toy Story,257.0,29.99,70.6822
Woody's Roundup!,2010,Toy Story,502.0,49.99,150.0
Army Men on Patrol,2010,Toy Story,90.0,10.99,46.0
Trash Compactor Escape,2010,Toy Story,370.0,49.99,77.9523
Western Train Chase,2010,Toy Story,584.0,79.99,150.0
Pizza Planet Truck Rescue,2010,Toy Story,225.0,39.99,149.97
Garbage Truck Getaway,2010,Toy Story,402.0,49.99,149.99
Pig Farm & Tractor,2010,City,256.0,34.99,133.2782
Lotso's Dump Truck,2010,Toy Story,129.0,19.99,46.0203
Level Crossing,2010,City,142.0,19.99,111.1837
Train Station,2010,City,361.0,49.99,97.0
Cargo Train,2010,City,839.0,179.99,279.4013
King's Castle,2010,Castle,933.0,99.99,440.68
Prison Tower Rescue,2010,Castle,365.0,49.99,199.99
Prison Carriage Rescue,2010,Castle,50.0,9.99,55.0
Knight's Showdown,2010,Castle,61.0,6.99,40.0
Kingdoms Advent Calendar,2010,Castle,167.0,34.99,68.6833
Court Jester,2010,Castle,22.0,3.99,15.0
Wizard,2010,Castle,19.0,3.99,14.5777
Bad,2010,Racers,72.0,12.99,14.9312
Motorized Excavator,2010,Technic,1123.0,199.99,547.0327
Helicopter,2010,Technic,152.0,19.99,35.0
Motorbike,2010,Technic,467.0,39.99,110.0
Monster Crab Clash,2010,Atlantis,68.0,6.99,35.0
Wreck Raider,2010,Atlantis,64.0,9.99,13.0648
Guardian of the Deep,2010,Atlantis,144.0,14.99,45.0
Seabed Scavenger,2010,Atlantis,119.0,14.99,25.7116
Typhoon Turbo Sub,2010,Atlantis,197.0,24.99,35.991
Gateway of the Squid,2010,Atlantis,354.0,39.99,85.0
Sea Jet,2010,Atlantis,23.0,3.99,6.0
Manta Warrior,2010,Atlantis,13.0,3.99,5.0
Neptune Carrier,2010,Atlantis,476.0,59.99,120.0
Deep Sea Striker,2010,Atlantis,260.0,19.99,30.99
Atlantis Exploration HQ,2010,Atlantis,473.0,49.99,73.9092
Portal of Atlantis,2010,Atlantis,1007.0,99.99,146.9264
Shadow Snapper,2010,Atlantis,246.0,29.99,48.5263
Undersea Explorer,2010,Atlantis,364.0,39.99,71.25
Rebel Trooper Battle Pack,2010,Star Wars,79.0,11.99,28.0
Snowtrooper Battle Pack,2010,Star Wars,74.0,11.99,29.99
Freeco Speeder,2010,Star Wars,177.0,24.99,45.0
Droid Tri-Fighter,2010,Star Wars,268.0,24.99,80.0
TIE Defender,2010,Star Wars,304.0,49.99,195.0
ARC-170 Starfighter,2010,Star Wars,396.0,59.99,375.0
Hoth Wampa Cave,2010,Star Wars,297.0,39.99,165.0
Republic Swamp Speeder,2010,Star Wars,176.0,29.99,84.0
Luke's Landspeeder,2010,Star Wars,163.0,24.99,39.99
Plo Koon's Jedi Starfighter,2010,Star Wars,175.0,24.99,200.0
General Grievous' Starfighter,2010,Star Wars,454.0,49.99,112.0538
Emperor Palpatine's Shuttle,2010,Star Wars,592.0,59.99,118.5505
Slave I,2010,Star Wars,573.0,79.99,180.0
Clone Turbo Tank,2010,Star Wars,1141.0,119.99,449.99
Midi-scale Imperial Star Destroyer,2010,Star Wars,423.0,39.99,129.156
Cad Bane's Speeder,2010,Star Wars,318.0,49.99,188.88
AT-AT Walker,2010,Star Wars,815.0,109.99,223.9674
Magma Mech,2010,Power Miners,183.0,19.99,40.0
Claw Catcher,2010,Power Miners,259.0,34.99,86.4
Lime Racer,2010,Racers,44.0,5.99,7.3361
Blue Bullet,2010,Racers,50.0,5.99,7.3361
Nitro Muscle,2010,Racers,47.0,5.99,7.3361
Turbo Tow,2010,Racers,43.0,5.99,7.3361
Security Smash,2010,Racers,135.0,14.99,29.98
Lamborghini Polizia,2010,Racers,801.0,59.99,229.99
City House,2010,City,383.0,39.99,95.0
Public Transport Station,2010,City,864.0,99.99,159.0
Spidermonkey,2010,Ben 10: Alien Force,21.0,14.99,45.0
Cheerleader,2010,Collectable Minifigures,7.0,1.99,365.0
Spartan Warrior,2010,Collectable Minifigures,8.0,1.99,165.14
Blizzard's Peak,2010,World Racers,504.0,59.99,52.2591
Snake Canyon,2010,World Racers,57.0,9.99,25.9152
Wreckage Road,2010,World Racers,288.0,29.99,44.4261
Gator Swamp,2010,World Racers,354.0,39.99,32.5
NXT DC Rechargeable Battery,2010,Education,1.0,79.99,45.99
Imperial Flagship,2010,Advanced models,1664.0,179.99,1275.374
Grand Emporium,2010,Advanced models,2182.0,149.99,514.99
Imperial Shuttle,2010,Star Wars,2503.0,259.99,1050.0
Shuttle Adventure,2010,Advanced models,1204.0,99.99,389.99
Tower Bridge,2010,Advanced models,4287.0,239.99,255.0
Obi-Wan's Jedi Starfighter,2010,Star Wars,676.0,99.99,305.0699
Winter Village Bakery,2010,Advanced models,687.0,54.99,355.0
The White House,2010,Architecture,560.0,49.99,90.0
Heart,2010,Seasonal,26.0,4.99,24.99
Bunny,2010,Seasonal,81.0,9.99,8.99
Holiday Building Set,2010,Seasonal,85.0,4.99,8.65
Father Christmas with Sledge Building Set,2010,Seasonal,71.0,4.99,8.091
Halloween Ghost,2010,Seasonal,18.0,1.99,3.75
Vintage Minifigure Collection Vol. 5,2010,Miscellaneous,20.0,17.99,60.0
Starter Kit,2010,Serious Play,219.0,36.99,59.0
"Brick Separator, Orange",2011,Bricks and More,1.0,2.49,0.05
Chopov,2011,Ninjago,20.0,9.99,8.9587
Bonezai,2011,Ninjago,21.0,9.99,11.1984
Krazi,2011,Ninjago,22.0,9.99,10.0
Surge 2.0,2011,HERO Factory,30.0,7.99,29.99
Breez 2.0,2011,HERO Factory,29.0,7.99,30.0
Nex 3.0,2011,HERO Factory,29.0,7.99,29.98
Cole DX,2011,Ninjago,21.0,9.99,28.0
Zane DX,2011,Ninjago,22.0,9.99,26.0
Kruncha,2011,Ninjago,24.0,9.99,8.0
Wyplash,2011,Ninjago,23.0,9.99,10.332
Drilldozer,2011,HERO Factory,61.0,12.99,85.0
Waspix,2011,HERO Factory,48.0,12.99,30.0
Sensei Wu,2011,Ninjago,20.0,9.99,20.0
Lord Garmadon,2011,Ninjago,23.0,9.99,18.6639
Spinjitzu Starter Set,2011,Ninjago,57.0,19.99,38.144
Ninja Ambush,2011,Ninjago,71.0,6.99,29.25
Skull Motorbike,2011,Ninjago,157.0,14.99,30.892
Ice Dragon Attack,2011,Ninjago,158.0,19.99,150.0
Turbo Shredder,2011,Ninjago,298.0,29.99,125.0
Spinjitzu Dojo,2011,Ninjago,373.0,49.99,90.0
Garmadon's Dark Fortress,2011,Ninjago,518.0,69.99,340.0
Skull Truck,2011,Ninjago,515.0,59.99,200.0
Fire Temple,2011,Ninjago,1174.0,119.99,293.7744
Blacksmith Shop,2011,Ninjago,189.0,19.99,86.99
Earth Dragon Defense,2011,Ninjago,227.0,34.99,270.0
Nuckal's ATV,2011,Ninjago,174.0,24.99,65.0
Skeleton Bowling,2011,Ninjago,371.0,29.99,75.0
Ninjago Battle Arena,2011,Ninjago,463.0,49.99,98.98
Space Moon Buggy,2011,City,37.0,4.99,10.0
Satellite Launch Pad,2011,City,165.0,19.99,29.8623
Space Shuttle,2011,City,231.0,29.99,47.5393
Space Center,2011,City,494.0,69.99,100.0
Police Chase,2011,City,173.0,24.99,38.0
Police Helicopter,2011,City,237.0,34.99,45.0
Bank & Money Transfer,2011,City,405.0,49.99,89.99
Red Cargo Train,2011,City,831.0,159.99,324.99
Heroic Heroes of the Deep,2011,SpongeBob SquarePants,95.0,14.99,67.5
Glove World,2011,SpongeBob SquarePants,169.0,19.99,100.0
Sunblock,2011,Games,80.0,9.99,12.0
Frog Rush,2011,Games,107.0,14.99,20.0
Ramses Return,2011,Games,99.0,14.99,17.442
Ninjago: The Board Game,2011,Games,245.0,29.99,45.0
Draida Bay,2011,Games,101.0,14.99,29.0
Waldurk Forest,2011,Games,225.0,19.99,44.8558
Caverns of Nathuz,2011,Games,217.0,19.99,44.8558
Castle Fortaan,2011,Games,304.0,29.99,42.75
LEGO Champion,2011,Games,216.0,34.99,20.0
Isla De Muerta,2011,Pirates of the Caribbean,152.0,19.99,135.0
The Cannibal Escape,2011,Pirates of the Caribbean,279.0,29.99,90.0
The Mill,2011,Pirates of the Caribbean,365.0,39.99,145.0
The Black Pearl,2011,Pirates of the Caribbean,804.0,99.99,1000.0
Captain's Cabin,2011,Pirates of the Caribbean,95.0,11.99,45.0
Fountain of Youth,2011,Pirates of the Caribbean,128.0,19.99,124.99
Whitecap Bay,2011,Pirates of the Caribbean,745.0,79.99,186.9834
Queen Anne's Revenge,2011,Pirates of the Caribbean,1097.0,119.99,769.0
Speedboat,2011,City,34.0,4.99,7.4043
Fishing Boat,2011,City,64.0,19.99,55.0
Power Boat Transporter,2011,City,254.0,39.99,59.99
Harbor,2011,City,551.0,89.99,200.0
The Forbidden Forest,2011,Harry Potter,64.0,11.99,39.99
The Knight Bus,2011,Harry Potter,281.0,34.99,63.75
Hogwarts,2011,Harry Potter,466.0,49.99,99.99
Mini Plane,2011,Creator,52.0,5.99,4.99
Transport Truck,2011,Creator,276.0,19.99,38.4
Log Cabin,2011,Creator,355.0,29.99,59.98
Lighthouse Island,2011,Creator,518.0,39.99,75.0
Hillside House,2011,Creator,714.0,69.99,130.0
The Pit Stop,2011,Duplo,52.0,49.99,149.99
Knight and Castle Building Set,2011,Bricks and More,144.0,9.99,25.0369
My First Zoo,2011,Duplo,60.0,24.99,65.5992
Blacksmith Attack,2011,Castle,104.0,9.99,33.1864
Alien Striker,2011,Space,42.0,4.99,19.5
Alien Defender,2011,Space,105.0,9.99,21.0
Tripod Invader,2011,Space,166.0,19.99,80.0
UFO Abduction,2011,Space,211.0,29.99,109.99
Alien Mothership,2011,Space,416.0,59.99,115.0
Earth Defense HQ,2011,Space,879.0,89.99,190.0
Jet-Copter Encounter,2011,Space,375.0,39.99,58.99
Escape from the Dragon's Prison,2011,Castle,185.0,19.99,240.0
King's Carriage Ambush,2011,Castle,286.0,39.99,88.497
Mill Village Raid,2011,Castle,663.0,69.99,549.99
Police Minifigure Collection,2011,City,57.0,9.99,12.0
Police Dog Unit,2011,City,96.0,12.99,25.0
Police Boat,2011,City,172.0,39.99,105.0
Mobile Police Unit,2011,City,408.0,44.99,65.0
Scarab Attack,2011,Pharaoh's Quest,44.0,4.99,29.99
Golden Staff Guardians,2011,Pharaoh's Quest,70.0,9.99,32.9232
Flying Mummy Attack,2011,Pharaoh's Quest,125.0,19.99,62.9369
Cursed Cobra Statue,2011,Pharaoh's Quest,213.0,29.99,80.0
Rise of the Sphinx,2011,Pharaoh's Quest,527.0,49.99,105.0
Scorpion Pyramid,2011,Pharaoh's Quest,792.0,99.99,444.0
Police Station,2011,City,783.0,99.99,224.1075
Flexible and Straight Tracks,2011,City,24.0,19.99,30.0
City Advent Calendar,2011,City,232.0,34.99,34.99
Mace Windu's Jedi Starfighter,2011,Star Wars,309.0,39.99,298.6232
Battle for Geonosis,2011,Star Wars,331.0,39.99,275.0
Naboo Starfighter,2011,Star Wars,318.0,49.99,150.0
Hoth Echo Base,2011,Star Wars,773.0,89.99,185.0
Clone Trooper Battle Pack,2011,Star Wars,85.0,12.99,75.0
Mandalorian Battle Pack,2011,Star Wars,68.0,12.99,62.0
Imperial V-wing Starfighter,2011,Star Wars,139.0,19.99,75.0
The Battle of Naboo,2011,Star Wars,241.0,24.99,75.0
Bounty Hunter Assault Gunship,2011,Star Wars,389.0,49.99,180.0
T-6 Jedi Shuttle,2011,Star Wars,389.0,59.99,225.0
Ewok Attack,2011,Star Wars,166.0,24.99,50.0
Sith Nightspeeder,2011,Star Wars,214.0,24.99,98.0
Star Wars Advent Calendar,2011,Star Wars,266.0,39.99,45.0
Geonosian Starfighter,2011,Star Wars,155.0,29.99,150.0
Darth Maul's Sith Infiltrator,2011,Star Wars,479.0,69.99,150.0
Anakin Skywalker and Sebulba's Podracers,2011,Star Wars,810.0,89.99,229.0
Republic Frigate,2011,Star Wars,1015.0,119.99,525.0
Millennium Falcon,2011,Star Wars,1254.0,139.99,269.99
Seabed Strider,2011,Atlantis,105.0,9.99,20.0
Deep Sea Raider,2011,Atlantis,265.0,29.99,49.0
City of Atlantis,2011,Atlantis,686.0,69.99,174.99
Super Car,2011,Technic,1281.0,119.99,219.0
Bucket Truck,2011,Technic,593.0,49.99,72.0
Flatbed Truck,2011,Technic,1115.0,99.99,250.0
Mercedes-Benz Unimog U 400,2011,Technic,2048.0,199.99,259.95
Radiator Springs Lightning McQueen,2011,Cars,35.0,6.99,35.0
Radiator Springs Classic Mater,2011,Cars,52.0,6.99,35.0
Urban Enforcer,2011,Racers,45.0,5.99,9.99
Rod Rider,2011,Racers,48.0,5.99,9.99
Smokin' Slickster,2011,Racers,44.0,5.99,8.0
Mater's Spy Zone,2011,Cars,114.0,14.99,30.0
Escape at Sea,2011,Cars,159.0,19.99,45.99
Ultimate Build Lightning McQueen,2011,Cars,242.0,29.99,150.0
Mack's Team Truck,2011,Cars,374.0,39.99,118.75
Flo's V8 Cafe,2011,Cars,517.0,59.99,199.99
Spy Jet Escape,2011,Cars,339.0,49.99,60.0
Big Bentley Bust Out,2011,Cars,743.0,69.99,83.7
Ultimate Build Mater,2011,Cars,288.0,29.99,60.97
Ultimate Build Francesco,2011,Cars,196.0,29.99,45.5
Fisherman,2011,Collectable Minifigures,9.0,2.99,12.0
Pilot,2011,Collectable Minifigures,7.0,2.99,153.45
Kimono Girl,2011,Collectable Minifigures,6.0,2.99,138.6
Graduate,2011,Collectable Minifigures,7.0,2.99,7.6415
Gladiator,2011,Collectable Minifigures,7.0,2.99,125.0
Community Minifigure Set,2011,Education,256.0,49.99,40.0
Fairytale and Historic Minifigure Set,2011,Education,227.0,49.99,71.537
Diagon Alley,2011,Harry Potter,2025.0,149.99,377.8796
Pet Shop,2011,Advanced models,2032.0,149.99,325.0
Maersk Train,2011,Advanced models,1234.0,119.99,420.0
Volkswagen T1 Camper Van,2011,Advanced models,1334.0,119.99,135.0
Super Star Destroyer ,2011,Star Wars,3152.0,399.99,1499.99
Winter Village Post Office,2011,Advanced models,822.0,69.99,499.0
Shuttle Expedition,2011,Advanced models,1230.0,99.99,449.95
Space Designer,2011,Master Builder Academy,178.0,29.99,27.98
Willis Tower,2011,Architecture,69.0,19.99,127.3902
Rockefeller Center,2011,Architecture,240.0,39.99,150.0
Burj Khalifa,2011,Architecture,208.0,24.99,78.99
Farnsworth House,2011,Architecture,546.0,59.99,275.0
Robie House,2011,Architecture,2276.0,199.99,593.01
Brandenburg Gate,2011,Architecture,363.0,34.99,93.0
Heart Book,2011,Seasonal,51.0,4.99,25.0
Easter Basket,2011,Seasonal,86.0,4.99,21.345
Halloween Set,2011,Seasonal,71.0,4.99,12.98
Spiders Set,2011,Seasonal,54.0,4.99,5.89
Mini Santa Set,2011,Seasonal,72.0,4.99,10.0
Christmas Tree,2011,Seasonal,77.0,4.99,9.99
Mini Hogwarts Express,2011,Harry Potter,64.0,4.99,20.0
AAA Battery Box,2011,Power Functions,1.0,12.99,26.99
Train Motor,2011,Power Functions,7.0,13.99,20.0
Ninjago Battle Arena,2011,Ninjago,8.0,19.99,17.9174
Skeleton Mummy Battle Pack,2011,Pharaoh's Quest,29.0,14.99,26.6556
Pirates of the Caribbean Battle Pack,2011,Pirates of the Caribbean,30.0,14.99,49.99
Alien Conquest Battle Pack,2011,Space,31.0,14.99,18.3402
Minifigure Wedding Favour Set,2011,Miscellaneous,24.0,7.99,18.116
Creationary Booster Pack,2011,Games,10.0,3.99,21.25
Ninjago Card Shrine,2011,Ninjago,98.0,6.99,10.0
City Park Cafe,2012,Friends,222.0,34.99,44.7
Adventure Camper,2012,Friends,309.0,34.99,60.0
Summer Riding Camp,2012,Friends,1112.0,99.99,219.99
Heartlake Vet,2012,Friends,343.0,44.99,70.0
Heartlake Stables,2012,Friends,401.0,49.99,125.0
Olivia's House,2012,Friends,695.0,74.99,125.0
The Flying Dutchman,2012,SpongeBob SquarePants,241.0,24.99,118.4695
Bikini Bottom Undersea Party,2012,SpongeBob SquarePants,471.0,49.99,265.9936
City Alarm,2012,Games,247.0,19.99,50.0
Ilrion,2012,Games,240.0,19.99,30.0
The Hobbit: An Unexpected Journey,2012,Games,394.0,34.99,33.2648
Andrea's Stage,2012,Friends,87.0,9.99,20.0
Olivia's Invention Workshop,2012,Friends,81.0,9.99,19.99
Emma's Fashion Design Studio,2012,Friends,79.0,9.99,17.99
Mia's Bedroom,2012,Friends,85.0,9.99,25.0
Mining 4x4,2012,City,102.0,11.99,8.0
Loader and Tipper,2012,City,139.0,17.99,30.0
Mining Truck,2012,City,269.0,34.99,63.0
Excavator Transporter,2012,City,305.0,39.99,73.1527
The Mine,2012,City,748.0,99.99,168.0806
Off-road Command Center,2012,City,403.0,39.99,59.99
Recycling Truck,2012,City,297.0,29.99,65.0
City Garage,2012,City,933.0,119.99,155.0
Fire Plane,2012,City,522.0,59.99,78.2
Fire Transporter,2012,City,522.0,49.99,129.99
Ambulance,2012,City,199.0,19.99,70.0
Garbage Truck,2012,City,208.0,19.99,93.0029
Dirt Bike Transporter,2012,City,201.0,19.99,55.5326
Dump Truck,2012,City,222.0,19.99,52.5
Car and Caravan,2012,City,218.0,19.99,41.0
Patrol Car,2012,City,97.0,11.99,23.0
Police Pursuit,2012,City,129.0,17.99,18.6949
Heavy-Lift Helicopter,2012,City,393.0,49.99,124.0
Forest Police Station,2012,City,633.0,79.99,130.131
Batman,2012,DC Comics Super Heroes,40.0,14.99,28.4901
Green Lantern,2012,DC Comics Super Heroes,38.0,14.99,16.0
Captain America,2012,Marvel Super Heroes,44.0,14.99,42.0
Tower Takedown,2012,Dino,136.0,19.99,49.99
Raptor Chase,2012,Dino,259.0,29.99,76.491
Triceratops Trapper,2012,Dino,271.0,49.99,125.0
T-Rex Hunter,2012,Dino,480.0,69.99,109.99
CORE HUNTER,2012,HERO Factory,51.0,12.99,55.55
BREEZ,2012,HERO Factory,55.0,12.99,39.9
STORMER XL,2012,HERO Factory,89.0,34.99,59.95
The Dynamic Duo Funhouse Escape,2012,DC Comics Super Heroes,380.0,39.99,79.99
Catwoman Catcycle City Chase,2012,DC Comics Super Heroes,89.0,12.99,18.354
The Batcave,2012,DC Comics Super Heroes,690.0,69.99,109.0
Superman vs. Power Armor Lex,2012,DC Comics Super Heroes,207.0,19.99,27.99
Batwing Battle Over Gotham City,2012,DC Comics Super Heroes,278.0,34.99,52.99
Batmobile and the Two-Face Chase,2012,DC Comics Super Heroes,531.0,49.99,88.099
Captain America's Avenging Cycle,2012,Marvel Super Heroes,72.0,12.99,27.0665
Wolverine's Chopper Showdown,2012,Marvel Super Heroes,199.0,19.99,200.0
Loki's Cosmic Cube Escape,2012,Marvel Super Heroes,181.0,19.99,50.0
Hulk's Helicarrier Breakout,2012,Marvel Super Heroes,389.0,49.99,74.6558
Quinjet Aerial Battle,2012,Marvel Super Heroes,735.0,69.99,129.0
Spider-Man's Doc Ock Ambush,2012,Marvel Super Heroes,295.0,29.99,52.2591
Mini Sports Car,2012,Creator,70.0,5.99,5.0
Prehistoric Hunters,2012,Creator,191.0,17.99,27.99
Propeller Adventures,2012,Creator,241.0,19.99,30.0
Seaside House,2012,Creator,415.0,49.99,67.273
Highway Pickup,2012,Creator,805.0,79.99,84.99
Bone Cruncher,2012,Racers,87.0,9.99,10.8
Star Striker,2012,Racers,88.0,9.99,14.88
Mini Tow Truck,2012,Technic,136.0,11.99,19.99
Tractor,2012,Technic,353.0,39.99,58.7824
Pick-Up Tow Truck,2012,Technic,954.0,69.99,110.0
Helicopter,2012,Technic,1056.0,119.99,195.95
Logging Truck,2012,Technic,1308.0,139.99,238.0
4x4 Crawler,2012,Technic,1327.0,199.99,200.0
Jay's Storm Fighter,2012,Ninjago,243.0,24.99,50.0
Cole's Tread Assault,2012,Ninjago,286.0,39.99,150.0
Destiny's Bounty,2012,Ninjago,680.0,79.99,175.0
Samurai Mech,2012,Ninjago,452.0,39.99,106.25
Ultra Sonic Raider,2012,Ninjago,622.0,79.99,209.99
Fangpyre Mech,2012,Ninjago,255.0,24.99,60.0
Spinner Battle Arena,2012,Ninjago,418.0,39.99,95.9395
Fangpyre Wrecking Ball,2012,Ninjago,415.0,49.99,181.1694
The Swamp Creature,2012,Monster Fighters,70.0,6.99,24.5
The Mummy,2012,Monster Fighters,90.0,11.99,37.99
The Werewolf,2012,Monster Fighters,243.0,19.99,55.0
The Vampyre Hearse,2012,Monster Fighters,314.0,34.99,79.99
The Zombies,2012,Monster Fighters,447.0,39.99,270.0
The Crazy Scientist & His Monster,2012,Monster Fighters,430.0,49.99,81.5034
The Ghost Train,2012,Monster Fighters,741.0,79.99,170.0
Vampyre Castle,2012,Monster Fighters,949.0,99.99,275.0
Gandalf Arrives,2012,The Lord of the Rings,83.0,12.99,90.0
Shelob Attacks,2012,The Lord of the Rings,227.0,19.99,95.0
Uruk-Hai Army,2012,The Lord of the Rings,257.0,29.99,185.0
Attack On Weathertop,2012,The Lord of the Rings,430.0,59.99,222.0
The Mines of Moria,2012,The Lord of the Rings,776.0,79.99,379.95
The Battle of Helm's Deep,2012,The Lord of the Rings,1368.0,129.99,437.3296
The Orc Forge,2012,The Lord of the Rings,363.0,39.99,170.3084
Francesco Bernoulli,2012,Cars,49.0,6.99,50.0
Ivan Mater,2012,Cars,52.0,6.99,37.3279
Jeff Gorvette,2012,Cars,54.0,6.99,11.0137
Agent Mater's Escape,2012,Cars,144.0,14.99,26.1295
Red's Water Rescue,2012,Cars,199.0,19.99,47.726
Ultimate Race Set,2012,Cars,280.0,29.99,93.3197
Oil Rig Escape,2012,Cars,422.0,49.99,82.1214
Elite Clone Trooper & Commando Droid Battle Pack,2012,Star Wars,98.0,12.99,92.5629
Endor Rebel Trooper & Imperial Trooper Battle Pack,2012,Star Wars,77.0,12.99,38.0
Droid Escape,2012,Star Wars,137.0,19.99,36.99
Geonosian Cannon,2012,Star Wars,132.0,19.99,70.0
TIE Fighter,2012,Star Wars,413.0,54.99,88.0
X-wing Starfighter,2012,Star Wars,560.0,59.99,33.657
Anakin's Jedi Interceptor,2012,Star Wars,300.0,39.99,148.68
Gold Leader's Y-wing Starfighter,2012,Star Wars,458.0,49.99,100.0
Desert Skiff,2012,Star Wars,213.0,24.99,73.9543
Republic Striker-class Starfighter,2012,Star Wars,376.0,44.99,169.0
Saesee Tiin's Jedi Starfighter,2012,Star Wars,244.0,29.99,140.0
Gungan Sub,2012,Star Wars,465.0,69.99,349.99
Sith Fury-class Interceptor,2012,Star Wars,748.0,89.99,290.0
Star Wars Advent Calendar,2012,Star Wars,234.0,49.99,51.4908
Malevolence,2012,Star Wars,1101.0,119.99,450.0
Jabba's Palace,2012,Star Wars,717.0,119.99,349.99
Pre Vizsla's Mandalorian Fighter,2012,Star Wars,403.0,49.99,350.0
Palpatine's Arrest,2012,Star Wars,645.0,89.99,550.0
Lloyd Garmadon,2012,Ninjago,26.0,4.99,17.99
Jay ZX,2012,Ninjago,28.0,4.99,16.95
Mezmo,2012,Ninjago,32.0,4.99,49.99
Bytar,2012,Ninjago,25.0,4.99,9.99
Lizaru,2012,Ninjago,25.0,4.99,21.99
Lasha,2012,Ninjago,21.0,9.99,24.95
Snappa,2012,Ninjago,20.0,9.99,20.8774
Samurai X,2012,Ninjago,23.0,9.99,17.43
Spitta,2012,Ninjago,20.0,9.99,11.1984
NRG Cole,2012,Ninjago,20.0,9.99,40.0
Lloyd ZX,2012,Ninjago,23.0,9.99,70.0
NRG Zane,2012,Ninjago,23.0,9.99,52.0
Weapon Pack,2012,Ninjago,73.0,19.99,42.0
Naboo Starfighter & Naboo,2012,Star Wars,56.0,9.99,14.95
Sebulba's Podracer & Tatooine,2012,Star Wars,80.0,9.99,20.0
TIE Interceptor & Death Star,2012,Star Wars,65.0,9.99,30.0
X-wing Starfighter & Yavin 4,2012,Star Wars,77.0,9.99,20.0
Twin-Pod Cloud Car & Bespin,2012,Star Wars,78.0,9.99,7.4166
AT-ST & Endor,2012,Star Wars,65.0,9.99,22.1463
Kingdoms Joust,2012,Castle,1575.0,119.99,310.6422
Town Hall,2012,Advanced models,2766.0,199.99,1196.1534
R2-D2,2012,Star Wars,2127.0,179.99,230.0
Sopwith Camel,2012,Advanced models,883.0,99.99,180.0
B-wing Starfighter,2012,Star Wars,1487.0,199.99,550.0
Haunted House,2012,Monster Fighters,2064.0,179.99,495.0
Winter Village Cottage,2012,Advanced models,1490.0,99.99,330.0
Mini Modulars,2012,Promotional,1356.0,79.99,238.22
Sydney Opera House,2012,Architecture,270.0,39.99,149.3116
Big Ben,2012,Architecture,346.0,29.99,84.99
Sungnyemun,2012,Architecture,325.0,34.99,336.3076
Minecraft Micro World: The Forest,2012,Ideas,480.0,34.99,52.0
Valentine's Day Box,2012,Seasonal,51.0,4.99,22.98
Duck with Ducklings,2012,Seasonal,51.0,4.99,14.85
Bunny and Chick,2012,Seasonal,52.0,4.99,9.0
Witch,2012,Seasonal,71.0,4.99,5.99
Turkey,2012,Seasonal,52.0,4.99,8.99
Christmas Train,2012,Seasonal,82.0,4.99,8.53
Rocking Horse,2012,Seasonal,49.0,4.99,4.491
Riddles for the Ring,2012,The Hobbit,105.0,9.99,50.0
Escape from Mirkwood Spiders,2012,The Hobbit,298.0,29.99,75.0
Attack of the Wargs,2012,The Hobbit,400.0,49.99,113.4
An Unexpected Gathering,2012,The Hobbit,652.0,69.99,259.68
Barrel Escape,2012,The Hobbit,334.0,39.99,142.5
The Goblin King Battle,2012,The Hobbit,841.0,99.99,194.99
Desk Business Card Holder,2012,Miscellaneous,150.0,14.99,59.0863
Ninjago Character Card Shrine,2012,Ninjago,88.0,14.99,24.99
Minifigure Accessory Pack,2012,Collectable Minifigures,63.0,14.99,39.98
Rock Band Minifigure Accessory Set,2012,Collectable Minifigures,62.0,14.99,41.99
Halloween Accessory Set,2012,Collectable Minifigures,58.0,14.99,24.97
Palace Cinema,2013,Creator Expert,2196.0,149.99,449.99
Horizon Express,2013,Creator Expert,1351.0,129.99,313.5544
Sydney Opera House,2013,Creator Expert,2989.0,319.99,374.99
Winter Village Market,2013,Creator Expert,1261.0,99.99,209.68
Ewok Village,2013,Star Wars,1990.0,249.99,550.0
Tower of Orthanc,2013,The Lord of the Rings,2359.0,199.99,799.0
Red Five X-wing Starfighter,2013,Star Wars,1559.0,199.99,300.0
Train Accessory Set,2013,Duplo,24.0,19.99,40.0884
Jake's Treasure Hunt,2013,Duplo,22.0,14.99,53.6025
Never Land Hideout,2013,Duplo,37.0,24.99,39.5676
A Fairy Tale,2013,Duplo,15.0,12.99,15.0
Batman: Arkham Asylum Breakout,2013,DC Comics Super Heroes,1619.0,159.99,223.9653
The Leaning Tower of Pisa,2013,Architecture,345.0,34.99,152.0
Imperial Hotel,2013,Architecture,1188.0,129.99,190.0
United Nations Headquarters,2013,Architecture,597.0,49.99,131.6
Studio,2013,Architecture,1210.0,159.99,299.0
The DeLorean Time Machine,2013,Ideas,401.0,34.99,120.01
The Village,2013,Minecraft,466.0,34.99,55.5705
The Nether,2013,Minecraft,469.0,34.99,55.5705
Republic Frigate,2013,Star Wars,45.0,4.99,10.99
Mini Speeder,2013,Creator,65.0,6.99,8.99
Mini Skyflyer,2013,Creator,62.0,6.99,5.0
Super Racer,2013,Creator,121.0,14.99,19.99
Fierce Flyer,2013,Creator,166.0,14.99,17.0
Construction Hauler,2013,Creator,256.0,17.99,29.95
Highway Speedster,2013,Creator,286.0,24.99,15.992
Power Mech,2013,Creator,223.0,19.99,33.5951
Aviation Adventures,2013,Creator,618.0,59.99,89.95
Family House,2013,Creator,756.0,69.99,135.0
Mindstorms EV3,2013,Mindstorms,601.0,349.99,339.99
Valentine's Day Heart Box,2013,Seasonal,54.0,4.99,15.8168
Springtime Scene,2013,Seasonal,88.0,7.99,13.0
Easter Bunny with Basket,2013,Seasonal,96.0,4.99,12.99
Summer Scene,2013,Seasonal,40.0,4.99,17.9395
Thanksgiving Feast,2013,Seasonal,46.0,7.99,24.0
Fall Scene,2013,Seasonal,72.0,7.99,13.0
Decorating the Tree,2013,Seasonal,110.0,7.99,11.1984
Water Scooter Fun,2013,Friends,28.0,6.99,3.99
Mia's Magic Tricks,2013,Friends,90.0,9.99,7.99
Rehearsal Stage,2013,Friends,198.0,19.99,17.0
Downtown Bakery,2013,Friends,253.0,29.99,29.99
Heartlake Pet Salon,2013,Friends,242.0,29.99,32.0
Heartlake City Pool,2013,Friends,423.0,39.99,52.99
Olivia's Beach Buggy,2013,Friends,94.0,9.99,9.0
Dolphin Cruiser,2013,Friends,612.0,69.99,100.0
Squirrel's Tree House,2013,Friends,41.0,4.99,7.8
Cat's Playground,2013,Friends,31.0,4.99,6.8
Turtle's Little Oasis,2013,Friends,33.0,4.99,14.98
Hedgehog's Hideaway,2013,Friends,34.0,4.99,14.98
Poodle's Little Palace,2013,Friends,46.0,4.99,5.79
Bunny's Hutch,2013,Friends,37.0,4.99,5.99
Fawn's Forest,2013,Friends,35.0,4.99,7.5
Parrot's Perch,2013,Friends,32.0,4.99,9.192
Puppy's Playhouse,2013,Friends,39.0,4.99,5.0
4x4 Crawler Exclusive Edition ,2013,Technic,1585.0,199.99,525.0
Grand Prix Racer,2013,Technic,1141.0,129.99,216.5018
Mini Off-Roader,2013,Technic,100.0,12.99,19.98
Hovercraft,2013,Technic,170.0,19.99,40.0
Mini Backhoe Loader,2013,Technic,246.0,24.99,17.9305
Excavator,2013,Technic,720.0,79.99,200.0
Mobile Crane MK II,2013,Technic,2606.0,219.99,352.2896
FURNO XL,2013,HERO Factory,103.0,19.99,79.0
PYROX,2013,HERO Factory,50.0,12.99,20.0
SURGE,2013,HERO Factory,66.0,12.99,40.0
DRAGON BOLT,2013,HERO Factory,149.0,19.99,50.0
STORMER,2013,HERO Factory,69.0,12.99,29.1751
EVO,2013,HERO Factory,51.0,9.99,29.75
AQUAGON,2013,HERO Factory,41.0,9.99,22.3967
Tech Machines Set,2013,Education,95.0,239.95,299.95
EV3 Intelligent Brick,2013,Mindstorms,1.0,224.95,160.0
EV3 Ultrasonic Sensor,2013,Mindstorms,1.0,39.95,45.0
EV3 Gyro Sensor,2013,Mindstorms,1.0,34.99,29.99
EV3 Colour Sensor,2013,Mindstorms,1.0,49.95,44.99
Cable Pack,2013,Education,7.0,24.95,12.0
Fire Motorcycle,2013,City,40.0,6.99,7.3938
Fire Truck,2013,City,208.0,19.99,55.0
Fire Emergency,2013,City,301.0,39.99,40.0
Police ATV,2013,City,51.0,6.99,9.0
High Speed Chase,2013,City,283.0,29.99,41.1289
Museum Break-in,2013,City,563.0,69.99,120.0
Helicopter Arrest,2013,City,352.0,49.99,50.9105
Surfer Rescue,2013,City,32.0,6.99,12.0
Coast Guard 4x4 & Diving Boat,2013,City,128.0,19.99,25.0
Coast Guard Helicopter,2013,City,230.0,39.99,55.0
Coast Guard Patrol,2013,City,449.0,79.99,119.99
Coast Guard Plane,2013,City,279.0,44.99,72.406
Tanker Truck,2013,City,191.0,19.99,95.5031
Flatbed Truck,2013,City,212.0,19.99,50.0
Cement Mixer,2013,City,221.0,19.99,70.0
Cargo Truck,2013,City,321.0,39.99,59.95
Cargo Heliplane,2013,City,393.0,44.99,100.0
Cargo Terminal,2013,City,658.0,99.99,225.0
LEGO City Starter Set,2013,City,272.0,29.99,49.99
Grand Prix Truck,2013,City,315.0,29.99,103.7317
Monster Truck Transporter,2013,City,299.0,29.99,67.5
Razcal's Glider,2013,Legends of Chima,109.0,11.99,9.7053
Crawley's Claw Ripper,2013,Legends of Chima,139.0,14.99,14.5704
Lennox' Lion Attack,2013,Legends of Chima,230.0,24.99,24.85
Eris' Eagle Interceptor,2013,Legends of Chima,348.0,34.99,29.99
Wakz' Pack Tracker,2013,Legends of Chima,297.0,29.99,30.0
Cragger's Command Ship,2013,Legends of Chima,609.0,79.99,93.4917
Eglor's Twin Bike,2013,Legends of Chima,223.0,24.99,28.0
Gorzan's Gorilla Striker,2013,Legends of Chima,505.0,49.99,59.99
Worriz's Combat Lair,2013,Legends of Chima,664.0,69.99,84.0
The Lion CHI Temple,2013,Legends of Chima,1258.0,119.99,218.4
Eagles' Castle,2013,Legends of Chima,369.0,39.99,37.99
Razar's CHI Raider,2013,Legends of Chima,412.0,39.99,29.1158
Equila's Ultra Striker,2013,Legends of Chima,339.0,39.99,20.0
Ring of Fire,2013,Legends of Chima,83.0,14.99,9.918
Target Practice,2013,Legends of Chima,101.0,14.99,7.99
CHI Waterfall,2013,Legends of Chima,106.0,14.99,12.99
Boulder Bowling,2013,Legends of Chima,93.0,14.99,15.0
Jungle Gates,2013,Legends of Chima,81.0,14.99,8.0
Nest Dive,2013,Legends of Chima,97.0,14.99,7.0
Ice Tower,2013,Legends of Chima,101.0,14.99,7.49
Skunk Attack,2013,Legends of Chima,97.0,14.99,11.0974
Royal Roost,2013,Legends of Chima,105.0,14.99,17.0
Tower Target,2013,Legends of Chima,92.0,14.99,5.0
Swamp Jump,2013,Legends of Chima,91.0,14.99,11.0337
Croc Chomp,2013,Legends of Chima,105.0,14.99,15.99
CHI Battles,2013,Legends of Chima,92.0,19.99,10.5
Ultimate Speedor Tournament,2013,Legends of Chima,246.0,29.99,22.0
CHI Eris,2013,Legends of Chima,67.0,14.99,16.0463
CHI Gorzan,2013,Legends of Chima,59.0,14.99,21.8813
CHI Cragger,2013,Legends of Chima,65.0,14.99,21.8813
CHI Worriz,2013,Legends of Chima,55.0,14.99,32.822
Forest Ambush,2013,Castle,90.0,11.99,38.0
Gold Getaway,2013,Castle,199.0,19.99,50.0
The Gatehouse Raid,2013,Castle,248.0,29.99,119.99
Dragon Mountain,2013,Castle,376.0,49.99,190.0
King's Castle,2013,Castle,996.0,99.99,324.95
Kai's Fire Mech,2013,Ninjago,102.0,9.99,60.0
Cole's Earth Driller,2013,Ninjago,171.0,19.99,79.98
The Golden Dragon,2013,Ninjago,252.0,29.99,75.0
Garmatron,2013,Ninjago,328.0,39.99,142.3615
Temple of Light,2013,Ninjago,565.0,69.99,135.0
Space Swarmer,2013,Space,86.0,11.99,20.5303
Swarm Interceptor,2013,Space,218.0,19.99,48.95
Warp Stinger,2013,Space,310.0,29.99,37.047
Star Slicer,2013,Space,311.0,39.99,63.0
Vermin Vaporizer,2013,Space,506.0,59.99,76.99
Bug Obliterator,2013,Space,711.0,79.99,74.99
Crater Creeper,2013,Space,171.0,19.99,18.99
CLS-89 Eradicator Mech,2013,Space,440.0,39.99,70.0
Hive Crawler,2013,Space,560.0,69.99,100.0
Galactic Titan,2013,Space,1012.0,99.99,145.6874
Clone Troopers vs. Droidekas,2013,Star Wars,124.0,12.99,42.0
Republic Troopers vs. Sith Troopers,2013,Star Wars,63.0,12.99,50.0
AT-RT,2013,Star Wars,222.0,19.99,73.0
A-wing Starfighter,2013,Star Wars,177.0,24.99,75.0
Z-95 Headhunter,2013,Star Wars,373.0,49.99,230.68
Rancor Pit,2013,Star Wars,380.0,59.99,335.0
Jedi Starfighter & Planet Kamino,2013,Star Wars,61.0,9.99,30.0
Republic Assault Ship & Planet Coruscant,2013,Star Wars,74.0,9.99,33.0
TIE Bomber & Asteroid Field,2013,Star Wars,60.0,9.99,29.5284
BARC Speeder with Sidecar,2013,Star Wars,226.0,24.99,480.0758
Umbaran MHC (Mobile Heavy Cannon),2013,Star Wars,493.0,49.99,149.99
Battle of Hoth,2013,Star Wars,426.0,49.99,180.0
Corporate Alliance Tank Droid,2013,Star Wars,271.0,19.99,144.4889
Homing Spider Droid,2013,Star Wars,295.0,29.99,150.0
Duel on Geonosis,2013,Star Wars,391.0,39.99,290.0
JEK-14's Stealth Starfighter,2013,Star Wars,550.0,69.99,189.0
AT-TE ,2013,Star Wars,794.0,89.99,579.99
Jabba's Sail Barge,2013,Star Wars,850.0,119.99,410.0
Republic Gunship,2013,Star Wars,1175.0,119.99,514.6866
Mandalorian Speeder,2013,Star Wars,211.0,24.99,118.4695
Star Wars Advent Calendar,2013,Star Wars,254.0,39.99,74.6558
HH-87 Starhopper,2013,Star Wars,362.0,39.99,149.99
Jedi Defender-class Cruiser,2013,Star Wars,927.0,89.99,395.99
Arctic Batman vs. Mr. Freeze: Aquaman on Ice,2013,DC Comics Super Heroes,198.0,19.99,27.97
The Bat vs. Bane: Tumbler Chase,2013,DC Comics Super Heroes,368.0,39.99,65.0
Superman Metropolis Showdown,2013,DC Comics Super Heroes,119.0,12.99,14.6716
Superman: Battle of Smallville,2013,DC Comics Super Heroes,418.0,49.99,65.0
Spider-Man: Spider-Cycle Chase,2013,Marvel Super Heroes,237.0,19.99,36.0
Spider-Man: Daily Bugle Showdown,2013,Marvel Super Heroes,476.0,49.99,149.99
Iron Man: Extremis Sea Port Battle ,2013,Marvel Super Heroes,195.0,19.99,49.95
Iron Man: Malibu Mansion Attack,2013,Marvel Super Heroes,364.0,39.99,99.99
Iron Man vs. The Mandarin: Ultimate Showdown,2013,Marvel Super Heroes,91.0,12.99,39.0
Superman: Black Zero Escape,2013,DC Comics Super Heroes,168.0,19.99,29.99
The Wizard Battle,2013,The Lord of the Rings,113.0,12.99,60.2028
The Council of Elrond,2013,The Lord of the Rings,243.0,29.99,129.0
Battle at the Black Gate,2013,The Lord of the Rings,656.0,59.99,239.99
Pirate Ship Ambush,2013,The Lord of the Rings,756.0,99.99,324.95
Dol Guldur Ambush,2013,The Hobbit,217.0,19.99,79.95
Mirkwood Elf Army ,2013,The Hobbit,276.0,29.99,129.95
Lake-town Chase,2013,The Hobbit,470.0,49.99,120.0
Dol Guldur Battle,2013,The Hobbit,797.0,69.99,215.0
Kraang Lab Escape,2013,Teenage Mutant Ninja Turtles,90.0,12.99,62.0
Shredder's Dragon Bike,2013,Teenage Mutant Ninja Turtles,198.0,24.99,51.9682
Stealth Shell in Pursuit,2013,Teenage Mutant Ninja Turtles,162.0,19.99,67.15
Turtle Lair Attack,2013,Teenage Mutant Ninja Turtles,488.0,49.99,149.99
The Shellraiser Street Chase,2013,Teenage Mutant Ninja Turtles,690.0,59.99,59.0
Baxter Robot Rampage,2013,Teenage Mutant Ninja Turtles,397.0,39.99,85.0
Cavalry Builder Set,2013,The Lone Ranger,69.0,12.99,60.0
Comanche Camp,2013,The Lone Ranger,161.0,19.99,36.0
Stagecoach Escape,2013,The Lone Ranger,279.0,29.99,100.0
Colby City Showdown,2013,The Lone Ranger,587.0,49.99,120.0
Silver Mine Shootout,2013,The Lone Ranger,644.0,69.99,118.0
Constitution Train Chase,2013,The Lone Ranger,699.0,99.99,239.95
L-Motor,2013,Power Functions,1.0,13.99,37.99
Servo Motor,2013,Power Functions,1.0,24.99,105.99
Friends Brick Calendar,2013,Friends,140.0,14.99,25.8
Police Accessory Pack,2013,City,34.0,14.99,15.0
Fire Accessory Pack,2013,City,43.0,14.99,17.5
Samurai Accessory Set,2013,Ninjago,36.0,14.99,26.99
Maersk Line Triple-E,2014,Creator Expert,1518.0,149.99,275.0
MINI Cooper MK VII,2014,Creator Expert,1077.0,99.99,220.0
Parisian Restaurant,2014,Creator Expert,2469.0,159.99,299.1191
Fairground Mixer,2014,Creator Expert,1746.0,149.99,250.0
Santa's Workshop,2014,Creator Expert,883.0,69.99,205.68
Farm Animals,2014,Duplo,12.0,9.99,18.22
Sleeping Beauty's Fairy Tale,2014,Duplo,55.0,34.99,55.55
Toddler Build and Boat Fun,2014,Duplo,18.0,19.99,14.99
All-in-One-Pink-Box-of-Fun,2014,Duplo,65.0,29.99,36.0
Spider-Man: Spider-Car Pursuit,2014,Juniors,55.0,12.99,25.0
Turtle Lair,2014,Juniors,107.0,19.99,40.0
Batman: Defend the Batcave,2014,Juniors,150.0,29.99,57.0
The Eiffel Tower,2014,Architecture,321.0,34.99,80.0
Trevi Fountain,2014,Architecture,731.0,49.99,190.0
NASA Mars Science Laboratory Curiosity Rover,2014,Ideas,295.0,29.99,370.0
The End,2014,Minecraft,440.0,34.99,48.99
Ghostbusters Ecto-1,2014,Ideas,508.0,49.99,114.3024
Exo Suit,2014,Ideas,321.0,34.99,59.0863
Research Institute,2014,Ideas,165.0,19.99,33.7935
The Cave,2014,Minecraft,249.0,19.99,20.9383
The Farm,2014,Minecraft,262.0,29.99,55.0
The First Night,2014,Minecraft,408.0,39.99,84.99
Crafting Box,2014,Minecraft,518.0,49.99,87.992
The Ender Dragon,2014,Minecraft,634.0,69.99,159.99
Red Thunder,2014,Creator,66.0,4.99,13.584
Emerald Express,2014,Creator,56.0,4.99,14.99
Sunset Speeder,2014,Creator,119.0,12.99,17.99
Forest Animals,2014,Creator,272.0,19.99,25.0
Twinblade Adventures,2014,Creator,216.0,17.99,22.0
Furry Creatures,2014,Creator,285.0,19.99,38.76
Turbo Quad,2014,Creator,186.0,24.99,30.0
Yellow Racers,2014,Creator,328.0,29.99,50.0
Roaring Power,2014,Creator,374.0,29.99,20.0
Mountain Hut,2014,Creator,550.0,39.99,50.0
Bike Shop & Cafe,2014,Creator,1023.0,89.99,115.0
LEGO Valentine,2014,Seasonal,127.0,9.99,15.0
LEGO Easter,2014,Seasonal,106.0,9.99,27.0
Halloween Bat,2014,Seasonal,156.0,9.99,14.0
Thanksgiving Turkey,2014,Seasonal,125.0,9.99,25.0
Reindeer,2014,Seasonal,139.0,9.99,20.0
Snowman,2014,Seasonal,140.0,9.99,20.0
LEGO City Coin Bank,2014,City,122.0,14.99,16.1394
Buildable Brick Box 2x2,2014,Miscellaneous,203.0,16.99,30.0
Sunshine Harvest,2014,Friends,233.0,19.99,20.0
Mia's Lemonade Stand,2014,Friends,112.0,9.99,14.67
Stephanie's New Born Lamb,2014,Friends,78.0,9.99,17.48
Olivia's Ice Cream Bike,2014,Friends,98.0,9.99,20.0
Andrea's Mountain Hut,2014,Friends,119.0,9.99,14.456
Stephanie's Beach House,2014,Friends,369.0,39.99,68.0
Sunshine Ranch,2014,Friends,721.0,69.99,120.0
Turtle's Little Paradise,2014,Friends,43.0,3.99,14.98
Tiger's Beautiful Temple,2014,Friends,42.0,3.99,14.98
Penguin's Playground,2014,Friends,46.0,3.99,19.98
Macaw's Fountain,2014,Friends,39.0,3.99,8.616
Orangutan's Banana Tree,2014,Friends,37.0,3.99,7.0
Brown Bear's River,2014,Friends,37.0,3.99,6.3
Ariel's Amazing Treasures,2014,Disney,77.0,12.99,14.99
Ariel's Magical Kiss,2014,Disney,250.0,29.99,30.0
Cinderella's Dream Carriage,2014,Disney,274.0,29.99,32.384
Rapunzel's Creativity Tower,2014,Disney,299.0,39.99,65.0
Cinderella's Romantic Castle,2014,Disney,646.0,69.99,89.99
Heartlake News Van,2014,Friends,278.0,24.99,23.96
Heartlake Shopping Mall,2014,Friends,1120.0,109.99,118.0
Jungle Tree Sanctuary,2014,Friends,320.0,29.99,58.99
Flain,2014,Mixels,58.0,4.99,20.0
Vulk,2014,Mixels,69.0,4.99,15.0
Zorch,2014,Mixels,45.0,4.99,12.0
Krader,2014,Mixels,66.0,4.99,11.99
Seismo,2014,Mixels,50.0,4.99,19.98
Shuff,2014,Mixels,51.0,4.99,19.98
Teslo,2014,Mixels,54.0,4.99,22.0
Zaptor,2014,Mixels,61.0,4.99,23.0
Volectro,2014,Mixels,70.0,4.99,17.99
Slumbo,2014,Mixels,61.0,4.99,19.5
Lunk,2014,Mixels,51.0,4.99,12.99
Flurr,2014,Mixels,46.0,4.99,14.9312
Chomly,2014,Mixels,68.0,4.99,15.0
Gobba,2014,Mixels,57.0,4.99,15.0
Jawg,2014,Mixels,61.0,4.99,18.0
Kraw,2014,Mixels,70.0,4.99,18.0
Tentro,2014,Mixels,69.0,4.99,3.205
Balk,2014,Mixels,68.0,4.99,15.0
Glomp,2014,Mixels,64.0,4.99,9.19
Glurt,2014,Mixels,62.0,4.99,9.49
Torts,2014,Mixels,48.0,4.99,9.19
Footi,2014,Mixels,72.0,4.99,13.992
Scorpi,2014,Mixels,70.0,4.99,15.0
Hoogi,2014,Mixels,69.0,4.99,15.0
Mesmo,2014,Mixels,64.0,4.99,9.95
Magnifo,2014,Mixels,61.0,4.99,8.99
Wizwuz,2014,Mixels,70.0,4.99,10.0
Twin-rotor Helicopter,2014,Technic,145.0,12.99,18.783
Snowmobile,2014,Technic,186.0,19.99,17.0
Hot Rod,2014,Technic,414.0,39.99,64.97
Construction Crew,2014,Technic,833.0,69.99,74.6774
Container Truck,2014,Technic,948.0,79.99,135.0
Cargo Plane,2014,Technic,1297.0,139.99,299.99
Black Champion Racer,2014,Technic,137.0,19.99,50.0
Desert Racer,2014,Technic,148.0,19.99,23.08
Bulldozer,2014,Technic,617.0,49.99,128.0173
Customised Pick-Up Truck,2014,Technic,1063.0,99.99,164.95
Volvo L350F Wheel Loader,2014,Technic,1636.0,249.99,332.8305
JAW Beast vs. STORMER,2014,HERO Factory,49.0,9.99,32.822
EVO XL Machine,2014,HERO Factory,193.0,24.99,90.0
BULK Drill Machine,2014,HERO Factory,113.0,14.99,15.0
Arctic Snowmobile,2014,City,44.0,6.99,12.0
Arctic Ice Crawler,2014,City,113.0,14.99,20.0
Arctic Helicrane,2014,City,262.0,39.99,60.0
Arctic Base Camp,2014,City,733.0,89.99,148.4806
Crook Pursuit,2014,City,38.0,6.99,12.0
High Speed Police Chase,2014,City,110.0,19.99,25.0
Prisoner Transporter,2014,City,196.0,24.99,73.1956
Mobile Police Unit,2014,City,375.0,44.99,65.0
Police Patrol,2014,City,408.0,44.99,93.5
Helicopter Surveillance,2014,City,528.0,74.99,68.82
Police Station,2014,City,854.0,99.99,159.99
Police Dog Unit,2014,City,249.0,29.99,55.0
Helicopter Transporter,2014,City,382.0,44.99,59.99
Train Station,2014,City,423.0,64.99,124.99
High-speed Passenger Train,2014,City,610.0,149.99,185.0
Cargo Train,2014,City,888.0,199.99,250.0
Race Car,2014,City,100.0,9.99,20.0
Light Repair Truck,2014,City,95.0,9.99,25.191
Monster Truck,2014,City,78.0,9.99,17.0
Tow Truck,2014,City,227.0,19.99,73.99
Camper Van,2014,City,195.0,19.99,59.4596
SUV with Watercraft,2014,City,219.0,19.99,30.0
Logging Truck,2014,City,228.0,19.99,74.99
Auto Transporter,2014,City,350.0,29.99,64.99
Airport Fire Truck,2014,City,326.0,29.99,64.0
City Advent Calendar,2014,City,218.0,29.99,41.99
Arctic Supply Plane,2014,City,374.0,49.99,140.0
Lion Legend Beast,2014,Legends of Chima,120.0,9.99,24.99
Eagle Legend Beast,2014,Legends of Chima,104.0,9.99,18.75
Gorilla Legend Beast,2014,Legends of Chima,106.0,9.99,25.0
Crocodile Legend Beast,2014,Legends of Chima,121.0,9.99,24.99
Wolf Legend Beast,2014,Legends of Chima,110.0,9.99,24.99
Braptor's Wing Striker,2014,Legends of Chima,146.0,14.99,16.05
Lavertus' Twin Blade,2014,Legends of Chima,183.0,19.99,21.25
Sparratus' Spider Stalker,2014,Legends of Chima,292.0,24.99,34.0
Scorm's Scorpion Stinger,2014,Legends of Chima,434.0,39.99,92.792
Spinlyn's Cavern,2014,Legends of Chima,407.0,39.99,55.0
Lavertus' Outland Base,2014,Legends of Chima,684.0,59.99,75.0
Banana Bash,2014,Legends of Chima,120.0,12.99,13.85
Bat Strike,2014,Legends of Chima,97.0,12.99,14.99
Web Dash,2014,Legends of Chima,78.0,12.99,18.99
Sky Launch,2014,Legends of Chima,111.0,12.99,20.0
Stinger Duel,2014,Legends of Chima,85.0,19.99,54.99
Vardy's Ice Vulture Glider,2014,Legends of Chima,217.0,19.99,29.61
Eris' Fire Eagle Flyer,2014,Legends of Chima,330.0,29.99,25.0
Sir Fangar's Sabre-Tooth Walker,2014,Legends of Chima,415.0,39.99,36.3938
Laval's Fire Lion,2014,Legends of Chima,450.0,49.99,85.294
Maula's Ice Mammoth Stomper,2014,Legends of Chima,604.0,89.99,124.99
Scorching Blades,2014,Legends of Chima,77.0,12.99,12.09
Flaming Claws,2014,Legends of Chima,74.0,12.99,10.0
Frozen Spikes,2014,Legends of Chima,77.0,12.99,13.5
Inferno Pit,2014,Legends of Chima,74.0,12.99,13.5
Fire vs. Ice,2014,Legends of Chima,102.0,19.99,18.222
Riverside Raid,2014,Ultra Agents,88.0,11.99,16.136
Tremor Track Infiltration,2014,Ultra Agents,241.0,19.99,33.97
Infearno Interception,2014,Ultra Agents,313.0,29.99,40.0
Toxikita's Toxic Meltdown,2014,Ultra Agents,429.0,39.99,44.99
Hurricane Heist,2014,Ultra Agents,589.0,69.99,46.0
Ultra Agents Mission HQ,2014,Ultra Agents,1060.0,99.99,149.3116
Hover Hunter,2014,Ninjago,79.0,11.99,29.8623
Kai Fighter,2014,Ninjago,196.0,19.99,54.99
Thunder Raider,2014,Ninjago,334.0,29.99,89.991
NinjaCopter,2014,Ninjago,516.0,59.99,107.991
Nindroid MechDragon,2014,Ninjago,691.0,89.99,146.9279
Battle for Ninjago City,2014,Ninjago,1223.0,119.99,215.0
Getaway Glider,2014,The LEGO Movie,104.0,12.99,27.0
Melting Room,2014,The LEGO Movie,122.0,12.99,20.44
Bad Cop's Pursuit,2014,The LEGO Movie,314.0,29.99,37.3279
Cloud Cuckoo Palace,2014,The LEGO Movie,197.0,19.99,25.0
Ice Cream Machine,2014,The LEGO Movie,344.0,29.99,35.0
Trash Chomper,2014,The LEGO Movie,389.0,29.99,47.99
Castle Cavalry,2014,The LEGO Movie,424.0,29.99,43.99
MetalBeard's Duel,2014,The LEGO Movie,412.0,34.99,105.0
Super Cycle Chase,2014,The LEGO Movie,514.0,49.99,59.0277
Lord Business' Evil Lair,2014,The LEGO Movie,738.0,69.99,65.0
MetalBeard's Sea Cow,2014,The LEGO Movie,2741.0,249.99,390.308
The Flying Flusher,2014,The LEGO Movie,351.0,29.99,37.0
Creative Ambush,2014,The LEGO Movie,473.0,39.99,37.99
Rescue Reinforcements,2014,The LEGO Movie,859.0,69.99,88.935
Emmet's Construct-o-Mech,2014,The LEGO Movie,708.0,59.99,124.8069
Super Secret Police Dropship,2014,The LEGO Movie,854.0,79.99,103.99
"Benny's Spaceship, Spaceship, SPACESHIP!",2014,The LEGO Movie,940.0,99.99,199.9708
The Simpsons House,2014,The Simpsons,2523.0,199.99,493.8367
Clone Turbo Tank Microfighter,2014,Star Wars,96.0,9.99,75.0
AAT Microfighter,2014,Star Wars,95.0,9.99,23.16
Millennium Falcon Microfighter,2014,Star Wars,94.0,9.99,26.99
TIE Interceptor Microfighter,2014,Star Wars,92.0,9.99,23.99
X-wing Fighter Microfighter,2014,Star Wars,97.0,9.99,33.99
Star Destroyer Microfighter,2014,Star Wars,97.0,9.99,23.99
Death Star Troopers,2014,Star Wars,102.0,12.99,18.0
Kashyyyk Troopers,2014,Star Wars,99.0,12.99,78.5179
Utapau Troopers,2014,Star Wars,83.0,12.99,96.1196
Battle on Saleucami,2014,Star Wars,183.0,14.99,74.99
Jedi Interceptor,2014,Star Wars,223.0,24.99,60.0
V-wing Starfighter,2014,Star Wars,201.0,24.99,80.0
General Grievous' Wheel Bike,2014,Star Wars,261.0,24.99,115.0
Vulture Droid,2014,Star Wars,205.0,24.99,90.0
Droid Gunship,2014,Star Wars,439.0,49.99,139.99
AT-AP,2014,Star Wars,717.0,59.99,127.5
Droid Tri-Fighter,2014,Star Wars,262.0,29.99,124.99
Republic AV-7 Anti-Vehicle Cannon,2014,Star Wars,434.0,39.99,270.0
Coruscant Police Gunship,2014,Star Wars,481.0,49.99,348.0
The Phantom,2014,Star Wars,234.0,24.99,157.99
Snowspeeder,2014,Star Wars,278.0,29.99,81.7569
B-Wing,2014,Star Wars,448.0,49.99,225.0
Jedi Scout Fighter,2014,Star Wars,490.0,59.99,162.6994
Mos Eisley Cantina,2014,Star Wars,615.0,69.99,129.99
The Ghost,2014,Star Wars,929.0,89.99,650.0
AT-AT,2014,Star Wars,1137.0,109.99,160.5563
Imperial Star Destroyer,2014,Star Wars,1359.0,129.99,330.0
Star Wars Advent Calendar,2014,Star Wars,274.0,39.99,99.99
MTT,2014,Star Wars,954.0,89.99,300.48
Sandcrawler,2014,Star Wars,3296.0,299.99,580.0
Batman: The Penguin Face off,2014,DC Comics Super Heroes,136.0,12.99,28.0
Batman: Man-Bat Attack,2014,DC Comics Super Heroes,184.0,19.99,39.95
Batman: The Riddler Chase,2014,DC Comics Super Heroes,304.0,29.99,44.99
Batman: The Joker Steam Roller,2014,DC Comics Super Heroes,486.0,49.99,38.99
Spider-Trike vs. Electro,2014,Marvel Super Heroes,70.0,12.99,26.9
Doc Ock Truck Heist,2014,Marvel Super Heroes,237.0,19.99,50.0
Spider-Helicopter Rescue,2014,Marvel Super Heroes,299.0,44.99,49.99
Avengers: Hulk Lab Smash,2014,Marvel Super Heroes,398.0,49.99,119.95
Starblaster Showdown ,2014,Marvel Super Heroes,196.0,19.99,40.0
Knowhere Escape Mission ,2014,Marvel Super Heroes,433.0,39.99,65.0
The Milano Spaceship Rescue,2014,Marvel Super Heroes,665.0,74.99,174.95
X-Men vs. The Sentinel,2014,Marvel Super Heroes,336.0,49.99,160.0
The Tumbler,2014,DC Comics Super Heroes,1869.0,199.99,235.6
Witch-King Battle,2014,The Hobbit,101.0,14.99,70.9983
Attack on Lake-town,2014,The Hobbit,313.0,29.99,98.091
The Battle of Five Armies,2014,The Hobbit,472.0,59.99,246.4575
The Lonely Mountain,2014,The Hobbit,866.0,129.99,500.0
Turtle Van Takedown,2014,Teenage Mutant Ninja Turtles,368.0,39.99,100.0
Big Rig Snow Getaway,2014,Teenage Mutant Ninja Turtles,741.0,69.99,125.0
Turtle Lair Invasion,2014,Teenage Mutant Ninja Turtles,888.0,99.99,159.99
Karai Bike Escape,2014,Teenage Mutant Ninja Turtles,88.0,12.99,24.99
Mutation Chamber Unleashed,2014,Teenage Mutant Ninja Turtles,196.0,24.99,63.75
T-Rawket Sky Strike,2014,Teenage Mutant Ninja Turtles,286.0,34.99,59.2775
Turtle Sub Undersea Chase,2014,Teenage Mutant Ninja Turtles,684.0,59.99,99.99
Shredder's Lair Rescue,2014,Teenage Mutant Ninja Turtles,478.0,49.99,145.0
Detective's Office,2015,Creator Expert,2262.0,159.99,490.0
Ferris Wheel,2015,Creator Expert,2464.0,199.99,366.322
Ferrari F40,2015,Creator Expert,1158.0,99.99,315.0
Winter Toy Shop,2015,Creator Expert,898.0,79.99,200.0
Fire Boat,2015,Duplo,19.0,14.99,25.0
Fire Truck,2015,Duplo,26.0,24.99,28.5
Birthday Parade,2015,Duplo,24.0,24.99,16.8
Beach Trip,2015,Juniors,74.0,9.99,26.5125
Family House,2015,Juniors,226.0,29.99,44.99
Creative Bricks,2015,Classic,221.0,16.99,14.0
Creative Supplement,2015,Classic,303.0,19.99,22.49
Creative Supplement Bright,2015,Classic,303.0,19.99,10.0
Medium Creative Brick Box,2015,Classic,484.0,34.99,24.98
Large Creative Brick Box,2015,Classic,790.0,59.99,49.99
32x32 Sand Baseplate,2015,Classic,1.0,7.99,20.0
32x32 Green Baseplate,2015,Classic,1.0,7.99,5.58
48x48 Grey Baseplate,2015,Classic,1.0,14.99,7.0
Lincoln Memorial,2015,Architecture,274.0,29.99,109.99
"Flatiron Building, New York",2015,Architecture,471.0,39.99,98.97
Louvre,2015,Architecture,695.0,59.99,129.75
The Dungeon,2015,Minecraft,219.0,19.99,40.0
The Desert Outpost,2015,Minecraft,519.0,59.99,60.0
The Nether Fortress,2015,Minecraft,571.0,79.99,119.9
Birds,2015,Ideas,580.0,44.99,138.0
The Big Bang Theory,2015,Ideas,484.0,59.99,209.44
WALL-E,2015,Ideas,677.0,59.99,293.7948
Doctor Who,2015,Ideas,623.0,59.99,159.59
Blue Racer,2015,Creator,67.0,4.99,15.64
Sea Plane,2015,Creator,53.0,4.99,9.99
Cargo Heli,2015,Creator,132.0,9.99,17.5
Rainforest Animals,2015,Creator,215.0,14.99,42.0
Red Creatures,2015,Creator,221.0,14.99,25.0
Vehicle Transporter,2015,Creator,264.0,24.99,60.0
Future Flyer,2015,Creator,237.0,24.99,75.0
Beach Hut,2015,Creator,286.0,29.99,30.0
Toy & Grocery Shop,2015,Creator,466.0,39.99,74.99
Adventure Vehicles,2015,Creator,282.0,24.99,14.8087
Changing Seasons,2015,Creator,536.0,49.99,95.0
Blue Power Jet,2015,Creator,608.0,69.99,150.0
Valentine's Day Dinner,2015,Seasonal,114.0,9.99,24.99
Painting Easter Eggs,2015,Seasonal,153.0,9.99,13.99
Trick or Treat Halloween Set,2015,Seasonal,133.0,9.99,50.0
Thanksgiving Feast,2015,Seasonal,158.0,9.99,22.4427
Winter Fun,2015,Seasonal,107.0,9.99,19.99
Santa's Visit,2015,Seasonal,167.0,9.99,30.0
Birthday Table Decoration,2015,Seasonal,120.0,9.99,19.99
Iconic Pencil Pot,2015,Miscellaneous,174.0,14.99,16.99
Piggy Coin Bank,2015,Miscellaneous,148.0,14.99,22.99
Organiser,2015,Friends,171.0,16.99,19.0
Pirates Chess Set,2015,Pirates,857.0,59.99,95.0
Sleeping Beauty's Royal Bedroom,2015,Disney,96.0,12.99,19.0
Jasmine's Exotic Palace,2015,Disney,143.0,19.99,30.0
Elsa's Sparkling Ice Castle,2015,Disney,292.0,39.99,43.99
Aira's Creative Workshop,2015,Elves,98.0,9.99,20.0
Naida's Epic Adventure Ship,2015,Elves,312.0,29.99,59.99
Azari and the Magical Bakery,2015,Elves,324.0,29.99,44.99
The Elves' Treetop Hideaway,2015,Elves,505.0,49.99,110.0
Farran and the Crystal Hollow,2015,Elves,175.0,14.99,25.383
Aira's Pegasus Sleigh,2015,Elves,319.0,39.99,50.0
Vet Clinic,2015,Friends,192.0,19.99,40.0
Bunny & Babies,2015,Friends,47.0,4.99,19.99
Puppy Training,2015,Friends,65.0,4.99,8.99
Little Foal,2015,Friends,43.0,4.99,8.99
Stephanie's Pizzeria,2015,Friends,87.0,9.99,18.0
Heartlake Hair Salon,2015,Friends,318.0,29.99,37.341
Emma's House,2015,Friends,706.0,69.99,150.0
Heartlake Hot Air Balloon,2015,Friends,254.0,29.99,26.99
Emma's Tourist Kiosk,2015,Friends,98.0,9.99,22.272
Heartlake Grand Hotel,2015,Friends,1552.0,129.99,150.0
Pop Star Recording Studio,2015,Friends,172.0,14.99,25.99
Pop Star Show Stage,2015,Friends,446.0,39.99,48.0886
Heartlake City Airport,2015,Friends,692.0,89.99,103.99
Rokit,2015,Mixels,66.0,4.99,10.4518
Niksput,2015,Mixels,62.0,4.99,10.0
Nurp-Naut,2015,Mixels,52.0,4.99,15.0
Meltus,2015,Mixels,66.0,4.99,20.0
Flamzer,2015,Mixels,60.0,4.99,18.0
Burnard,2015,Mixels,59.0,4.99,20.0
Globert,2015,Mixels,45.0,4.99,15.0
Vampos,2015,Mixels,59.0,4.99,13.5
Boogly,2015,Mixels,52.0,4.99,10.0
Gox,2015,Mixels,62.0,4.99,14.99
Jinky,2015,Mixels,59.0,4.99,20.0
Kamzo,2015,Mixels,58.0,4.99,9.0
Krog,2015,Mixels,60.0,4.99,14.8087
Chilbo,2015,Mixels,65.0,4.99,14.5
Snoof,2015,Mixels,54.0,4.99,15.0
Spugg,2015,Mixels,51.0,4.99,18.0
Turg,2015,Mixels,56.0,4.99,8.0
Kramm,2015,Mixels,68.0,4.99,14.0
Forx,2015,Mixels,65.0,4.99,9.0
Wuzzo,2015,Mixels,74.0,4.99,10.0
Dribbal,2015,Mixels,52.0,4.99,11.1141
Gurggle,2015,Mixels,66.0,4.99,15.0
Slusho,2015,Mixels,53.0,4.99,11.1141
Snax,2015,Mixels,51.0,4.99,20.0
Berp,2015,Mixels,68.0,4.99,20.0
Vaka-Waka,2015,Mixels,69.0,4.99,17.95
Compact Tracked Loader,2015,Technic,252.0,19.99,55.0
Quad Bike,2015,Technic,148.0,19.99,37.99
Mining Truck,2015,Technic,362.0,29.99,44.8
Street Motorcycle,2015,Technic,375.0,39.99,69.5
24 Hours Race Car,2015,Technic,1219.0,129.99,200.0
Fire Plane,2015,Technic,578.0,49.99,109.99
Crawler Crane,2015,Technic,1401.0,149.99,298.88
Mercedes-Benz Arocs 3245,2015,Technic,2793.0,229.99,400.0
Transformer 10V DC,2015,Mindstorms,1.0,34.95,9.5
ATV Patrol,2015,City,59.0,6.99,10.8251
Swamp Police Starter Set,2015,City,78.0,9.99,20.0
Helicopter Pursuit,2015,City,253.0,39.99,35.0
Crooks' Hideout,2015,City,473.0,69.99,49.2915
Swamp Police Station,2015,City,707.0,89.99,157.0
Demolition Starter Set,2015,City,85.0,9.99,15.0
Service Truck,2015,City,233.0,24.99,55.0
Bulldozer,2015,City,384.0,39.99,85.0
Excavator and Truck,2015,City,311.0,49.99,94.99
Demolition Site,2015,City,776.0,89.99,189.99
Space Starter Set,2015,City,107.0,9.99,20.0
Utility Shuttle,2015,City,155.0,24.99,45.0
Training Jet Transporter,2015,City,448.0,49.99,63.4574
Spaceport,2015,City,586.0,119.99,161.1275
Pickup Tow Truck,2015,City,209.0,19.99,39.99
Dune Buggy Trailer,2015,City,222.0,19.99,25.0
Snowplough Truck,2015,City,196.0,19.99,50.0
4x4 with Powerboat,2015,City,301.0,29.99,56.0
Deep Sea Scuba Scooter,2015,City,42.0,6.99,11.24
Deep Sea Starter Set,2015,City,90.0,9.99,30.0
Deep Sea Submarine,2015,City,274.0,39.99,60.0
Deep Sea Helicopter,2015,City,388.0,49.99,75.0
Deep Sea Exploration Vessel,2015,City,717.0,119.99,130.89
Deep Sea Operation Base,2015,City,907.0,99.99,127.45
City Square,2015,City,1683.0,189.99,171.95
Heavy-Haul Train,2015,City,984.0,199.99,325.0
Spyclops Infiltration,2015,Ultra Agents,109.0,9.99,39.99
Drillex Diamond Job,2015,Ultra Agents,312.0,29.99,38.88
Agent Stealth Patrol,2015,Ultra Agents,475.0,49.99,36.3178
Icebite's Claw Driller,2015,Legends of Chima,629.0,49.99,79.99
King Crominus' Rescue,2015,Legends of Chima,863.0,89.99,94.491
Vultrix's Sky Scavenger,2015,Legends of Chima,480.0,39.99,44.99
 Lion Tribe Pack,2015,Legends of Chima,78.0,9.99,18.5
Ice Bear Tribe Pack,2015,Legends of Chima,75.0,9.99,29.99
Crocodile Tribe Pack,2015,Legends of Chima,72.0,9.99,21.5
Shipwreck Defense,2015,Pirates,84.0,12.99,45.0
Soldiers Outpost,2015,Pirates,164.0,19.99,74.99
Treasure Island,2015,Pirates,181.0,19.99,74.99
Soldiers Fort,2015,Pirates,234.0,29.99,149.99
The Brick Bounty,2015,Pirates,745.0,99.99,296.955
Chain Cycle Ambush,2015,Ninjago,298.0,29.99,43.3004
City of Stiix,2015,Ninjago,1069.0,99.99,294.99
 Blaster Bike,2015,Ninjago,212.0,19.99,79.2
Master Wu Dragon,2015,Ninjago,575.0,39.99,113.48
Ronin R.E.X.,2015,Ninjago,547.0,49.99,100.0
Attack of the Morro Dragon,2015,Ninjago,658.0,69.99,60.3
Final Flight of Destiny's Bounty,2015,Ninjago,1253.0,119.99,385.0
Airjitzu Kai Flyer,2015,Ninjago,46.0,9.99,24.0
Airjitzu Jay Flyer,2015,Ninjago,45.0,9.99,28.0
Airjitzu Cole Flyer,2015,Ninjago,47.0,9.99,25.0
Airjitzu Zane Flyer,2015,Ninjago,42.0,9.99,34.95
Airjitzu Wrayth Flyer,2015,Ninjago,43.0,9.99,23.5
Condrai Copter Attack,2015,Ninjago,311.0,29.99,110.0
Boulder Blaster,2015,Ninjago,236.0,29.99,59.0
Titanium Dragon,2015,Ninjago,360.0,39.99,93.3289
Enter the Serpent,2015,Ninjago,529.0,59.99,89.99
Temple of Airjitzu,2015,Ninjago,2028.0,199.99,359.3699
Jungle Trap,2015,Ninjago,58.0,6.99,24.99
Lava Falls,2015,Ninjago,94.0,7.99,29.99
ElectroMech,2015,Ninjago,153.0,14.99,32.8
Dojo Showdown,2015,Ninjago,215.0,24.99,125.0
Protector of Water,2015,Bionicle,71.0,9.99,11.0
Protector of Earth,2015,Bionicle,66.0,9.99,38.0
Protector of Ice,2015,Bionicle,68.0,9.99,9.99
Gali - Master of Water,2015,Bionicle,87.0,14.99,48.0
Onua - Master of Earth,2015,Bionicle,108.0,19.99,45.0
Lord of Skull Spiders,2015,Bionicle,145.0,14.99,49.99
Skull Warrior,2015,Bionicle,102.0,14.99,25.4915
Skull Slicer,2015,Bionicle,71.0,14.99,48.0
Skull Basher,2015,Bionicle,72.0,14.99,28.985
Mask Maker vs. Skull Grinder,2015,Bionicle,171.0,29.99,125.0
Batman & Super Angry Kitty Attack,2015,The LEGO Movie,115.0,9.99,14.7569
Double-Decker Couch,2015,The LEGO Movie,197.0,14.99,40.0
Bad Cop Car Chase,2015,The LEGO Movie,292.0,29.99,80.0
Kwik-E-Mart,2015,The Simpsons,2179.0,199.99,620.0395
Starter Pack: PS4,2015,Dimensions,273.0,99.99,78.85
Starter Pack: Xbox One,2015,Dimensions,267.0,99.99,60.0
Starter Pack: Xbox 360,2015,Dimensions,267.0,99.99,20.0
Starter Pack: Wii U,2015,Dimensions,267.0,99.99,22.99
Back to the Future Level Pack,2015,Dimensions,94.0,29.99,47.99
The Simpsons Level Pack,2015,Dimensions,98.0,29.99,10.0
Portal 2 Level Pack,2015,Dimensions,85.0,29.99,33.95
Doctor Who Level Pack,2015,Dimensions,83.0,29.99,50.0
Jurassic World Team Pack,2015,Dimensions,103.0,24.99,20.0
Scooby-Doo Team Pack,2015,Dimensions,81.0,24.99,35.0
Ninjago Team Pack,2015,Dimensions,97.0,24.99,47.0
Wonder Woman Fun Pack,2015,Dimensions,41.0,14.99,11.1984
Cyborg Fun Pack,2015,Dimensions,50.0,14.99,14.99
Bart Simpson Fun Pack,2015,Dimensions,34.0,14.99,5.1768
Emmet Fun Pack,2015,Dimensions,55.0,14.99,8.5
Bad Cop Fun Pack,2015,Dimensions,62.0,14.99,4.49
Benny Fun Pack,2015,Dimensions,46.0,14.99,8.49
Jay Fun Pack,2015,Dimensions,48.0,14.99,27.0
Nya Fun Pack,2015,Dimensions,59.0,14.99,14.994
Zane Fun Pack,2015,Dimensions,45.0,14.99,11.99
Gollum Fun Pack,2015,Dimensions,39.0,14.99,12.0
Legolas Fun Pack,2015,Dimensions,36.0,14.99,17.991
Gimli Fun Pack,2015,Dimensions,56.0,14.99,14.99
Wicked Witch Fun Pack,2015,Dimensions,38.0,14.99,17.95
Laval Fun Pack,2015,Dimensions,57.0,14.99,8.99
Cragger Fun Pack,2015,Dimensions,45.0,14.99,8.0
Krusty Fun Pack,2015,Dimensions,38.0,14.99,6.0
Unikitty Fun Pack,2015,Dimensions,57.0,14.99,5.5414
Eris Fun Pack,2015,Dimensions,59.0,14.99,5.0
Slave I,2015,Star Wars,1996.0,199.99,685.0
ARC-170 Starfighter Microfighter,2015,Star Wars,95.0,9.99,33.5876
Vulture Droid Microfighter,2015,Star Wars,77.0,9.99,39.99
Snowspeeder Microfighter,2015,Star Wars,97.0,9.99,14.99
AT-AT Microfighter,2015,Star Wars,88.0,9.99,13.99
Republic Gunship Microfighter,2015,Star Wars,105.0,9.99,38.99
Homing Spider Droid Microfighter,2015,Star Wars,102.0,9.99,22.4053
Imperial Troop Transport,2015,Star Wars,141.0,12.99,34.99
Shadow Troopers,2015,Star Wars,95.0,12.99,28.0
AAT,2015,Star Wars,251.0,24.99,110.0
T-16 Skyhopper,2015,Star Wars,247.0,24.99,65.0
TIE Advanced Prototype,2015,Star Wars,355.0,39.99,170.0
AT-DP,2015,Star Wars,500.0,49.99,154.99
Wookiee Gunship,2015,Star Wars,570.0,69.99,349.0
Hailfire Droid,2015,Star Wars,163.0,19.99,110.0
Battle Droid Troop Carrier,2015,Star Wars,565.0,39.99,181.2712
Anakin's Custom Jedi Starfighter,2015,Star Wars,370.0,39.99,220.0
Senate Commando Troopers,2015,Star Wars,106.0,12.99,50.0
Geonosis Troopers,2015,Star Wars,105.0,12.99,71.04
Ezra's Speeder Bike,2015,Star Wars,253.0,19.99,99.99
Flash Speeder,2015,Star Wars,312.0,29.99,55.0
Naboo Starfighter,2015,Star Wars,442.0,49.99,228.0
Death Star Final Duel,2015,Star Wars,724.0,79.99,120.0
 Imperial Shuttle Tydirium,2015,Star Wars,937.0,99.99,188.0
TIE Fighter,2015,Star Wars,1685.0,199.99,370.68
Sith Infiltrator,2015,Star Wars,662.0,89.99,189.5095
Star Wars Advent Calendar,2015,Star Wars,292.0,39.99,55.0
Rey's Speeder,2015,Star Wars,193.0,19.99,26.49
First Order Snowspeeder,2015,Star Wars,444.0,39.99,48.3615
First Order Special Forces TIE Fighter,2015,Star Wars,517.0,69.99,75.0
Poe's X-wing Fighter,2015,Star Wars,717.0,79.99,124.99
First Order Transporter,2015,Star Wars,792.0,89.99,140.0
Kylo Ren's Command Shuttle,2015,Star Wars,1005.0,119.99,74.1758
Millennium Falcon,2015,Star Wars,1329.0,149.99,151.91
Imperial Assault Carrier,2015,Star Wars,1216.0,129.99,299.0
Jango Fett,2015,Star Wars,85.0,19.99,44.991
Clone Commander Cody,2015,Star Wars,82.0,19.99,44.99
Obi-Wan Kenobi,2015,Star Wars,83.0,24.99,10.0
Luke Skywalker,2015,Star Wars,83.0,19.99,25.0
Darth Vader,2015,Star Wars,160.0,29.99,45.0
General Grievous,2015,Star Wars,186.0,34.99,79.99
LaFerrari,2015,Speed Champions,164.0,14.99,69.99
Mummy Museum Mystery,2015,Scooby-Doo,110.0,14.99,63.0
Mystery Plane Adventures,2015,Scooby-Doo,128.0,19.99,59.99
The Mystery Machine,2015,Scooby-Doo,301.0,29.99,174.99
Haunted Lighthouse,2015,Scooby-Doo,437.0,49.99,157.4869
Mystery Mansion,2015,Scooby-Doo,860.0,89.99,185.2277
458 Italia GT2,2015,Speed Champions,153.0,14.99,56.49
McLaren P1,2015,Speed Champions,168.0,14.99,56.99
Porsche 918 Spyder,2015,Speed Champions,151.0,14.99,90.0
McLaren Mercedes Pit Stop,2015,Speed Champions,332.0,29.99,129.99
Porsche 911 GT Finish Line,2015,Speed Champions,551.0,49.99,125.0
F14 T & Scuderia Ferrari Truck,2015,Speed Champions,884.0,99.99,249.99
Pteranodon Capture,2015,Jurassic World,174.0,19.99,50.0
Dilophosaurus Ambush,2015,Jurassic World,248.0,29.99,55.9844
Raptor Rampage,2015,Jurassic World,324.0,49.99,119.99
T. rex Tracker,2015,Jurassic World,520.0,69.99,95.0
Indominus Rex Breakout,2015,Jurassic World,1156.0,129.99,300.0
Raptor Escape,2015,Jurassic World,394.0,39.99,150.0
Green Lantern vs. Sinestro,2015,DC Comics Super Heroes,174.0,19.99,57.0
Gorilla Grodd Goes Bananas,2015,DC Comics Super Heroes,347.0,49.99,65.45
Brick Bank,2016,Creator Expert,2380.0,169.99,597.62
Volkswagen Beetle,2016,Creator Expert,1167.0,99.99,157.0
Big Ben,2016,Creator Expert,4163.0,249.99,395.0
Winter Holiday Train,2016,Creator Expert,734.0,99.99,225.0
Creative Building Set,2016,Classic,583.0,29.99,24.95
Iron Man vs. Loki,2016,Juniors,66.0,12.99,52.5
Batman & Superman vs. Lex Luthor,2016,Juniors,164.0,19.99,40.491
Mia's Vet Clinic,2016,Juniors,173.0,29.99,32.0
Little Plane,2016,Duplo,13.0,9.99,20.9
Truck & Tracked Excavator,2016,Duplo,28.0,19.99,25.0665
Miles' Space Adventures,2016,Duplo,23.0,19.99,20.8165
Mickey & Friends Beach House,2016,Duplo,48.0,34.99,63.75
Venice,2016,Architecture,212.0,29.99,248.99
Berlin,2016,Architecture,289.0,29.99,250.0
New York City,2016,Architecture,598.0,59.99,60.0
Buckingham Palace,2016,Architecture,780.0,49.99,98.0
United States Capitol Building,2016,Architecture,1032.0,99.99,169.99
Burj Khalifa,2016,Architecture,333.0,39.99,90.0
The Iron Golem,2016,Minecraft,208.0,19.99,27.0
The End Portal,2016,Minecraft,559.0,59.99,115.0
The Jungle Tree House,2016,Minecraft,706.0,69.99,154.0
The Wither,2016,Minecraft,318.0,39.99,160.0
The Fortress,2016,Minecraft,984.0,109.99,233.988
The Village,2016,Minecraft,1600.0,199.99,475.1381
Maze,2016,Ideas,769.0,69.99,148.1881
The Beatles Yellow Submarine,2016,Ideas,553.0,59.99,104.5835
Desert Racers,2016,Creator,65.0,4.99,12.0
Super Soarer,2016,Creator,100.0,9.99,19.99
Chopper Transporter,2016,Creator,124.0,9.99,46.12
Ocean Explorer,2016,Creator,213.0,14.99,29.99
Fast Car,2016,Creator,222.0,19.99,24.99
Propeller Plane,2016,Creator,230.0,19.99,26.1295
Lakeside Lodge,2016,Creator,368.0,29.99,60.0
Twin Spin Helicopter,2016,Creator,326.0,29.99,34.99
Corner Deli,2016,Creator,467.0,39.99,62.5
Lighthouse Point,2016,Creator,528.0,59.99,95.0
Vacation Getaways,2016,Creator,792.0,69.99,75.0
Treehouse Adventures,2016,Creator,387.0,34.99,55.0
What am I?,2016,Miscellaneous,536.0,39.99,31.0
Minifigure Wedding Favour Set,2016,Miscellaneous,89.0,9.99,29.99
Valentine's Cupid Dog,2016,Seasonal,150.0,9.99,22.99
Easter Chick,2016,Seasonal,111.0,9.99,9.6
Vampire and Bat,2016,Seasonal,150.0,5.99,10.99
Pilgrim's Feast,2016,Seasonal,163.0,5.99,9.99
Little Elf Helpers,2016,Seasonal,238.0,9.99,15.0
LEGO Santa,2016,Seasonal,155.0,9.99,9.99
London Bus,2016,Creator,118.0,9.99,11.99
Rapunzel's Best Day Ever,2016,Disney,145.0,19.99,29.655
Anna & Kristoff's Sleigh Adventure,2016,Disney,174.0,29.99,44.99
Belle's Enchanted Castle,2016,Disney,374.0,49.99,73.8578
Arendelle Castle Celebration,2016,Disney,477.0,59.99,56.0
Treasure's Day at the Pool,2016,Disney,70.0,5.99,17.99
Party Train,2016,Friends,109.0,9.99,18.0
Emma's Creative Workshop,2016,Friends,108.0,9.99,30.0
Heartlake Supermarket,2016,Friends,313.0,29.99,50.0
Heartlake Cupcake Cafe,2016,Friends,438.0,39.99,55.9918
Adventure Camp Archery,2016,Friends,114.0,9.99,14.99
Adventure Camp Tree House,2016,Friends,726.0,79.99,115.0
Foal's Washing Station,2016,Friends,77.0,9.99,11.99
Horse Vet Trailer,2016,Friends,370.0,39.99,89.0
Heartlake Riding Club,2016,Friends,575.0,59.99,125.0
Amusement Park Arcade,2016,Friends,174.0,14.99,8.4
Amusement Park Space Ride,2016,Friends,195.0,19.99,25.0
Amusement Park Hot Dog Van,2016,Friends,243.0,29.99,23.5085
Amusement Park Roller Coaster,2016,Friends,1124.0,99.99,119.95
Friends Advent Calendar,2016,Friends,218.0,29.99,32.0
Heartlake Performance School,2016,Friends,774.0,79.99,110.0
Livi's Pop Star House,2016,Friends,597.0,49.99,175.0
Daisy's Beauty Salon,2016,Disney,98.0,9.99,13.99
Palace Pets Royal Castle,2016,Disney,186.0,19.99,30.0
Emily Jones & the Baby Wind Dragon,2016,Elves,80.0,9.99,29.0
The Water Dragon Adventure,2016,Elves,212.0,19.99,80.0
Elvendale School of Dragons,2016,Elves,230.0,19.99,74.99
The Starlight Inn,2016,Elves,343.0,29.99,95.0
Fire Dragon's Lava Cave,2016,Elves,441.0,39.99,73.9341
The Secret Market Place,2016,Elves,691.0,59.99,200.0
The Precious Crystal Mine,2016,Elves,273.0,29.99,69.99
The Dragon Sanctuary,2016,Elves,585.0,49.99,199.0
Ragana's Magic Shadow Castle,2016,Elves,1014.0,99.99,171.0
Kuffs,2016,Mixels,63.0,4.99,12.0
Busto,2016,Mixels,69.0,4.99,15.0
Tiketz,2016,Mixels,62.0,4.99,9.67
Mixadel,2016,Mixels,63.0,4.99,10.0
Paladum,2016,Mixels,64.0,4.99,10.95
Jamzy,2016,Mixels,70.0,4.99,7.13
Tapsy,2016,Mixels,57.0,4.99,14.0
Trumpsy,2016,Mixels,54.0,4.99,15.0
Splasho,2016,Mixels,67.0,4.99,14.99
Aquad,2016,Mixels,70.0,4.99,18.0
Hydro,2016,Mixels,70.0,4.99,25.0
Sharx,2016,Mixels,55.0,4.99,14.0
Skulzy,2016,Mixels,66.0,4.99,15.0
Lewt,2016,Mixels,62.0,4.99,20.0
Surgeo,2016,Mixels,63.0,4.99,15.0
Skrubz,2016,Mixels,68.0,4.99,15.0
Tuth,2016,Mixels,67.0,4.99,18.0
Gobbol,2016,Mixels,62.0,4.99,14.8462
Sweepz,2016,Mixels,61.0,4.99,16.0
Compax,2016,Mixels,66.0,4.99,12.8262
Cobrax,2016,Mixels,64.0,4.99,3.487
Mysto,2016,Mixels,64.0,4.99,20.0
Screeno,2016,Mixels,73.0,4.99,25.0
Camsta,2016,Mixels,62.0,4.99,20.0
Myke,2016,Mixels,63.0,4.99,20.0
Display Team Jet,2016,Technic,113.0,12.99,12.99
Hydroplane Racer,2016,Technic,180.0,19.99,18.0
Getaway Racer,2016,Technic,170.0,19.99,30.0
Race Kart,2016,Technic,345.0,29.99,55.0
Mine Loader,2016,Technic,476.0,49.99,59.2904
Drag Racer,2016,Technic,647.0,79.99,89.99
Heavy Lift Helicopter,2016,Technic,1042.0,139.99,219.4582
CLAAS XERION 5000 TRAC VC,2016,Technic,1977.0,179.99,238.1078
Bucket Wheel Excavator,2016,Technic,3929.0,279.99,369.0889
Porsche 911 GT3 RS,2016,Technic,2704.0,299.99,850.0
WeDo 2.0 Core Set,2016,Education,280.0,224.95,250.0
WeDo 2.0 Medium Motor,2016,Education,1.0,14.95,34.99
Airport Starter Set,2016,City,81.0,9.99,10.0
Airport Cargo Plane,2016,City,157.0,24.99,59.0
Airport VIP Service,2016,City,364.0,49.99,104.99
Airport Air Show,2016,City,670.0,89.99,87.7833
Airport Passenger Terminal,2016,City,694.0,99.99,218.7734
Fire ATV,2016,City,64.0,6.99,7.99
Fire Ladder Truck,2016,City,214.0,24.99,38.5
Fire Response Unit,2016,City,257.0,39.99,30.0
Fire Boat,2016,City,412.0,79.99,100.0
Fire Station,2016,City,919.0,99.99,80.0
Fire Utility Truck,2016,City,368.0,39.99,44.05
Fire Engine,2016,City,376.0,49.99,75.0
Rally Car,2016,City,104.0,9.99,16.99
Race Boat,2016,City,95.0,9.99,5.45
4 x 4 Off Roader,2016,City,176.0,19.99,24.0
Ambulance Plane,2016,City,183.0,19.99,36.0
Van & Caravan,2016,City,250.0,19.99,29.0
Garbage Truck,2016,City,248.0,19.99,63.3
Ferry,2016,City,301.0,29.99,37.5
Volcano Starter Set,2016,City,83.0,9.99,12.0
Volcano Exploration Truck,2016,City,175.0,24.99,25.0
Volcano Crawler,2016,City,324.0,39.99,32.0
Volcano Supply Helicopter,2016,City,330.0,49.99,44.4735
Volcano Exploration Base,2016,City,824.0,119.99,160.0
Volcano Heavy-Lift Helicopter,2016,City,1277.0,149.99,231.9702
Tire Escape,2016,City,47.0,6.99,14.9559
Prison Island Starter Set,2016,City,92.0,9.99,13.5
Police Pursuit,2016,City,184.0,24.99,25.0
Police Patrol Boat,2016,City,200.0,49.99,89.643
Prison Island,2016,City,754.0,89.99,249.99
Crooks Island,2016,City,244.0,29.99,29.9119
Service Station,2016,City,515.0,89.99,102.5247
City Advent Calendar,2016,City,290.0,29.99,34.41
People Pack - Fun in the Park,2016,City,157.0,39.99,50.0
Knighton Battle Blaster,2016,Nexo Knights,76.0,9.99,8.0
Chaos Catapult,2016,Nexo Knights,93.0,9.99,7.4809
Lance's Mecha Horse,2016,Nexo Knights,237.0,19.99,34.99
Moltor's Lava Smasher,2016,Nexo Knights,187.0,19.99,29.0
Beast Master's Chaos Chariot,2016,Nexo Knights,314.0,29.99,40.0
Jestro's Evil Mobile,2016,Nexo Knights,658.0,59.99,67.5
The Fortrex,2016,Nexo Knights,1140.0,99.99,207.5703
The Glob Lobber,2016,Nexo Knights,95.0,9.99,10.8251
Aaron Fox's Aero-Striker V2,2016,Nexo Knights,301.0,29.99,36.0
General Magmar's Siege Machine of Doom,2016,Nexo Knights,516.0,49.99,74.9925
Merlok's Library 2.0,2016,Nexo Knights,288.0,24.99,32.0
Infernox captures the Queen,2016,Nexo Knights,253.0,24.99,45.0
The Black Knight Mech,2016,Nexo Knights,530.0,39.99,57.99
The King's Mech,2016,Nexo Knights,375.0,29.99,87.99
Ultimate Macy,2016,Nexo Knights,101.0,9.99,17.952
Ultimate Robin,2016,Nexo Knights,75.0,9.99,9.6
Ultimate Beast Master,2016,Nexo Knights,65.0,9.99,13.775
Ultimate Lavaria,2016,Nexo Knights,69.0,9.99,8.0
Ultimate Axl,2016,Nexo Knights,69.0,9.99,19.95
Ultimate Lance,2016,Nexo Knights,75.0,9.99,15.0
Ultimate General Magmar,2016,Nexo Knights,64.0,9.99,9.6322
Ultimate Flama,2016,Nexo Knights,67.0,9.99,21.825
Titanium Ninja Tumbler ,2016,Ninjago,342.0,29.99,75.0
Rock Roader,2016,Ninjago,406.0,39.99,64.5
Kryptarium Prison Breakout,2016,Ninjago,207.0,19.99,48.0
Salvage M.E.C.,2016,Ninjago,439.0,39.99,27.0
The Green NRG Dragon,2016,Ninjago,567.0,49.99,75.99
The Lighthouse Siege,2016,Ninjago,767.0,69.99,199.0
Cole's Dragon,2016,Ninjago,98.0,9.99,22.0
Ninja Bike Chase,2016,Ninjago,231.0,19.99,34.35
Sky Shark,2016,Ninjago,221.0,19.99,50.0
Jay's Elemental Dragon,2016,Ninjago,350.0,29.99,85.0735
Raid Zeppelin,2016,Ninjago,294.0,29.99,100.0
Misfortune's Keep,2016,Ninjago,754.0,79.99,225.0
Disney Castle,2016,Disney,4080.0,349.99,429.99
Ghostbusters Level Pack,2016,Dimensions,115.0,29.99,20.0
DC Comics Team Pack,2016,Dimensions,92.0,24.99,22.976
Doc Brown Fun Pack,2016,Dimensions,69.0,14.99,32.85
Stay Puft Fun Pack,2016,Dimensions,65.0,14.99,44.95
Sensei Wu Fun Pack,2016,Dimensions,58.0,14.99,14.0
Midway Arcade Level Pack,2016,Dimensions,96.0,24.99,60.0
Superman Fun Pack,2016,Dimensions,48.0,14.99,12.0
Aquaman Fun Pack,2016,Dimensions,43.0,14.99,14.9355
Cyberman Fun Pack,2016,Dimensions,40.0,14.99,24.993
Lloyd Fun Pack,2016,Dimensions,56.0,11.99,43.98
Bane Fun Pack,2016,Dimensions,52.0,11.99,12.5
Slimer Fun Pack,2016,Dimensions,33.0,11.99,20.0
New Ghostbusters: Play the Complete Movie,2016,Dimensions,259.0,49.99,19.99
Sonic the Hedgehog Level Pack,2016,Dimensions,101.0,29.99,64.88
Adventure Time Level Pack,2016,Dimensions,102.0,29.99,47.6844
Adventure Time Team Pack ,2016,Dimensions,96.0,24.99,54.0
Harry Potter Team Pack,2016,Dimensions,119.0,24.99,31.0
Mission: Impossible Level Pack,2016,Dimensions,76.0,29.99,11.97
B.A. Baracus Fun Pack,2016,Dimensions,73.0,11.99,22.8
Fantastic Beasts and Where to Find Them: Play the Complete Movie,2016,Dimensions,261.0,49.99,24.0
Gremlins Team Pack,2016,Dimensions,94.0,24.99,39.99
Tina Goldstein Fun Pack,2016,Dimensions,51.0,11.99,8.0
E.T. Fun Pack,2016,Dimensions,42.0,11.99,39.99
Ketar - Creature of Stone,2016,Bionicle,80.0,9.99,36.4616
Gali - Uniter of Water,2016,Bionicle,87.0,14.99,90.0
Onua - Uniter of Earth,2016,Bionicle,143.0,19.99,38.0
Ekimu the Mask Maker,2016,Bionicle,94.0,14.99,165.3371
Storm Beast,2016,Bionicle,109.0,14.99,65.0
Quake Beast,2016,Bionicle,102.0,14.99,89.955
Assault on Hoth,2016,Star Wars,2144.0,249.99,600.0
Rey,2016,Star Wars,84.0,19.99,10.0
First Order Stormtrooper,2016,Star Wars,81.0,19.99,28.3692
Poe Dameron,2016,Star Wars,102.0,24.99,11.2
Finn,2016,Star Wars,98.0,24.99,14.0
Kylo Ren,2016,Star Wars,86.0,24.99,35.0
Captain Phasma,2016,Star Wars,82.0,24.99,39.99
Sergeant Jyn Erso,2016,Star Wars,104.0,24.99,9.99
K-2SO,2016,Star Wars,169.0,24.99,35.0
Imperial Death Trooper,2016,Star Wars,106.0,24.99,25.0
Resistance X-wing Fighter Microfighter,2016,Star Wars,87.0,9.99,15.99
First Order Snowspeeder Microfighter,2016,Star Wars,91.0,9.99,9.99
The Ghost Microfighter,2016,Star Wars,104.0,9.99,69.0
TIE Advanced Prototype Microfighter,2016,Star Wars,93.0,9.99,21.99
Wookiee Gunship Microfighter,2016,Star Wars,84.0,9.99,23.99
AT-DP Microfighter,2016,Star Wars,76.0,9.99,16.0319
Resistance Trooper Battle Pack,2016,Star Wars,112.0,12.99,20.0
First Order Battle Pack,2016,Star Wars,88.0,12.99,18.0
Rebel Alliance Battle Pack,2016,Star Wars,101.0,12.99,42.0
Galactic Empire Battle Pack,2016,Star Wars,109.0,12.99,50.0
Obi-Wan's Jedi Interceptor,2016,Star Wars,215.0,24.99,125.0
Droid Escape Pod,2016,Star Wars,197.0,24.99,32.05
Carbon-Freezing Chamber,2016,Star Wars,231.0,24.99,46.75
Hoth Attack,2016,Star Wars,233.0,24.99,85.0
Battle on Takodana,2016,Star Wars,409.0,59.99,35.0
Resistance Troop Transporter,2016,Star Wars,646.0,69.99,68.0
Kanan's Speeder Bike,2016,Star Wars,234.0,19.99,70.0
Homing Spider Droid,2016,Star Wars,310.0,29.99,120.0
Eclipse Fighter,2016,Star Wars,363.0,29.99,50.0
Star Wars Advent Calendar,2016,Star Wars,282.0,39.99,44.0
StarScavenger,2016,Star Wars,558.0,49.99,70.0
Encounter on Jakku,2016,Star Wars,530.0,59.99,35.99
Assembly Square,2017,Creator Expert,4002.0,299.99,299.95
Taj Mahal,2017,Creator Expert,5923.0,369.99,404.991
Carousel,2017,Creator Expert,2670.0,199.99,440.0
London Bus,2017,Creator Expert,1686.0,139.99,121.491
Winter Village Station,2017,Creator Expert,902.0,79.99,203.6194
Blue Creative Box,2017,Classic,78.0,4.99,4.05
Red Creative Box,2017,Classic,55.0,4.99,6.0
Green Creative Box,2017,Classic,66.0,4.99,10.0
Orange Creative Box,2017,Classic,60.0,4.99,8.0
Guido and Luigi's Pit Stop,2017,Juniors,75.0,9.99,19.99
Mater's Junkyard,2017,Juniors,62.0,9.99,36.0
Demolition Site,2017,Juniors,175.0,29.99,47.16
Anna and Elsa's Frozen Playground,2017,Juniors,94.0,24.99,41.0607
Batman vs. Mr. Freeze,2017,Juniors,63.0,14.99,16.99
Snow White's Forest Cottage,2017,Juniors,67.0,14.99,28.0
Willy's Butte Speed Training,2017,Juniors,95.0,19.99,32.95
Smokey's Garage,2017,Juniors,116.0,19.99,51.1352
Thunder Hollow Crazy 8 Race,2017,Juniors,191.0,34.99,53.0
Florida 500 Final Race,2017,Juniors,266.0,49.99,80.0
Mia's Farm Suitcase,2017,Juniors,100.0,19.99,12.0
Family House,2017,Duplo,69.0,39.99,79.0
Santa's Winter Holiday,2017,Duplo,45.0,29.99,47.3489
Shooting Gallery,2017,Duplo,32.0,24.99,22.455
Batcave Challenge,2017,Duplo,73.0,49.99,133.0
My First Number Train,2017,Duplo,23.0,19.99,19.755
My First Plane,2017,Duplo,10.0,4.99,5.0
My First Birthday Cake,2017,Duplo,8.0,4.99,5.841
My First Bus,2017,Duplo,6.0,4.99,4.5
My First Parrot,2017,Duplo,7.0,4.99,5.0
Mater's Shed,2017,Duplo,23.0,19.99,40.0
Boost Creative Toolbox,2017,Boost,843.0,159.99,150.0
Sydney,2017,Architecture,361.0,29.99,168.2526
Chicago,2017,Architecture,444.0,39.99,205.99
London,2017,Architecture,468.0,39.99,32.0
Solomon R. Guggenheim Museum,2017,Architecture,744.0,79.99,132.0
Arc de Triomphe,2017,Architecture,386.0,39.99,98.5
The Mushroom Island,2017,Minecraft,247.0,19.99,60.4
The Nether Railway,2017,Minecraft,387.0,29.99,67.1043
The Ice Spikes,2017,Minecraft,454.0,39.99,123.25
The Witch Hut,2017,Minecraft,502.0,59.99,155.0
The Waterfall Base,2017,Minecraft,729.0,69.99,98.0
The Crafting Box 2.0,2017,Minecraft,717.0,59.99,85.0
The Ocean Monument,2017,Minecraft,1122.0,119.99,199.9173
The Mountain Cave,2017,Minecraft,2863.0,249.99,1300.0
Adventure Time,2017,Ideas,495.0,49.99,73.0
NASA Apollo Saturn V,2017,Ideas,1969.0,119.99,175.0
Old Fishing Store,2017,Ideas,2049.0,149.99,499.9
Women of NASA,2017,Ideas,231.0,24.99,39.99
Disco Batman - Tears of Batman ,2017,The LEGO Batman Movie,13.0,3.99,18.392
Blue Express ,2017,Creator,71.0,4.99,15.0
Red Racer,2017,Creator,72.0,4.99,6.25
Green Cruiser,2017,Creator,122.0,9.99,14.0
Air Blazer,2017,Creator,102.0,9.99,15.99
Mighty Dinosaurs,2017,Creator,174.0,14.99,10.0
Sunset Street Bike,2017,Creator,194.0,19.99,16.5
Airshow Aces,2017,Creator,246.0,19.99,21.9
Robo Explorer,2017,Creator,205.0,19.99,20.0
Beachside Vacation,2017,Creator,275.0,29.99,25.0
Island Adventures,2017,Creator,359.0,34.99,35.0
Park Street Townhouse,2017,Creator,566.0,49.99,74.6551
Space Shuttle Explorer,2017,Creator,285.0,29.99,32.0
Modular Poolside Holiday,2017,Creator,356.0,29.99,41.99
Modular Modern Home,2017,Creator,386.0,29.99,43.7547
Modular Family Villa,2017,Creator,728.0,69.99,99.0
Turbo Track Racer,2017,Creator,664.0,59.99,69.99
Build My City Accessory Set,2017,City,100.0,9.99,20.0
LEGO Chess,2017,Miscellaneous,1450.0,64.99,65.0
Romantic Valentine Picnic,2017,Seasonal,126.0,9.99,22.0
Easter Egg Hunt,2017,Seasonal,145.0,9.99,11.99
Halloween Haunt,2017,Seasonal,145.0,9.99,38.5
Christmas Train Ride,2017,Seasonal,169.0,9.99,16.5893
Christmas Town Square,2017,Seasonal,179.0,9.99,34.97
Build My Heartlake City Accessory Set,2017,Friends,121.0,9.99,14.0
Mini Keepsake Box,2017,Friends,105.0,5.99,4.99
Berry's Kitchen,2017,Disney,61.0,5.99,10.4405
Ariel and the Magical Spell,2017,Disney,222.0,29.99,56.99
Cinderella's Enchanted Evening,2017,Disney,350.0,39.99,25.0
Elsa's Magical Ice Palace,2017,Disney,701.0,79.99,49.99
Moana's Island Adventure,2017,Disney,205.0,24.99,40.0
Moana's Ocean Voyage,2017,Disney,307.0,39.99,66.1175
The Capture of Sophie Jones,2017,Elves,226.0,19.99,24.99
The Goblin King's Evil Dragon,2017,Elves,339.0,29.99,83.8953
Aira's Airship & the Amulet Chase,2017,Elves,343.0,39.99,57.5
Magic Rescue from the Goblin Village,2017,Elves,637.0,59.99,103.0398
Rosalyn's Healing Hideout,2017,Elves,460.0,49.99,115.0
Breakout from the Goblin King's Fortress,2017,Elves,695.0,69.99,60.0
Batgirl Batjet Chase,2017,DC Super Hero Girls,206.0,24.99,21.95
Harley Quinn to the Rescue,2017,DC Super Hero Girls,217.0,29.99,23.992
Lashina Tank,2017,DC Super Hero Girls,145.0,14.99,8.0083
Bumblebee Helicopter,2017,DC Super Hero Girls,142.0,14.99,19.99
Wonder Woman Dorm Room,2017,DC Super Hero Girls,186.0,19.99,41.99
Puppy Parade,2017,Friends,145.0,14.99,16.9915
Puppy Treats & Tricks,2017,Friends,45.0,4.99,11.241
Emma's Photo Studio,2017,Friends,96.0,9.99,11.2103
Mia's Beach Scooter,2017,Friends,79.0,9.99,13.99
Olivia's Creative Lab,2017,Friends,91.0,9.99,13.0
Stephanie's Friendship Cakes,2017,Friends,94.0,9.99,28.6053
Heartlake Gift Delivery,2017,Friends,185.0,19.99,26.1221
Heartlake Sports Center,2017,Friends,328.0,39.99,37.88
Heartlake Summer Pool,2017,Friends,589.0,49.99,38.99
Stephanie's House,2017,Friends,622.0,69.99,90.0
Heartlake Surf Shop,2017,Friends,186.0,19.99,20.0
Sunshine Catamaran,2017,Friends,603.0,69.99,73.9092
Heartlake Hospital,2017,Friends,871.0,99.99,170.0
Heartlake Frozen Yogurt Shop,2017,Friends,370.0,39.99,44.472
Snow Resort Off-Roader,2017,Friends,141.0,14.99,12.5
Snow Resort Chalet,2017,Friends,402.0,39.99,57.339
Snow Resort Ski Lift,2017,Friends,585.0,59.99,80.0
Friends Advent Calendar,2017,Friends,217.0,29.99,24.0
Finn,2017,BrickHeadz,91.0,9.99,23.99
Captain Phasma,2017,BrickHeadz,127.0,9.99,37.791
Lloyd,2017,BrickHeadz,102.0,9.99,49.99
Master Wu,2017,BrickHeadz,89.0,9.99,24.6772
Batman,2017,BrickHeadz,91.0,9.99,50.0
Batgirl,2017,BrickHeadz,99.0,9.99,20.0
Robin,2017,BrickHeadz,101.0,9.99,22.4338
The Joker,2017,BrickHeadz,151.0,9.99,35.0
Captain America,2017,BrickHeadz,79.0,9.99,50.0
Iron Man,2017,BrickHeadz,96.0,9.99,45.0
Black Widow,2017,BrickHeadz,143.0,9.99,14.9559
The Hulk,2017,BrickHeadz,93.0,9.99,33.6507
Captain Jack Sparrow,2017,BrickHeadz,109.0,9.99,39.99
Captain Armando Salazar,2017,BrickHeadz,118.0,9.99,14.9559
Belle,2017,BrickHeadz,139.0,9.99,35.0
Beast,2017,BrickHeadz,116.0,9.99,12.5
Ultralight Helicopter,2017,Technic,199.0,19.99,29.95
Stunt Bike,2017,Technic,140.0,19.99,25.0
Roadwork Crew,2017,Technic,365.0,29.99,30.0
Telehandler,2017,Technic,260.0,39.99,26.1295
Container Yard,2017,Technic,631.0,59.99,99.99
BMW R 1200 GS Adventure,2017,Technic,603.0,59.99,130.0678
RC Tracked Racer,2017,Technic,370.0,99.99,135.61
Airport Rescue Vehicle,2017,Technic,1094.0,99.99,134.3804
Extreme Adventure,2017,Technic,2382.0,179.99,225.0
6x6 All Terrain Tow Truck,2017,Technic,1862.0,289.99,379.95
ATV Arrest,2017,City,47.0,6.99,5.9028
Police Starter Set,2017,City,80.0,9.99,11.99
Tow Truck Trouble,2017,City,144.0,24.99,18.5811
High-speed Chase,2017,City,294.0,39.99,29.6902
Mobile Command Center,2017,City,374.0,49.99,34.99
Bulldozer Break-In,2017,City,561.0,69.99,89.2587
Police Station,2017,City,894.0,99.99,94.99
Money Transporter,2017,City,138.0,19.99,34.83
Race Plane,2017,City,89.0,9.99,14.0
Buggy,2017,City,81.0,9.99,13.9
Stunt Truck,2017,City,91.0,9.99,24.1707
Fishing Boat,2017,City,144.0,19.99,43.0
ATV Race Team,2017,City,239.0,19.99,27.0
4x4 with Catamaran,2017,City,198.0,19.99,24.0
Pizza Van,2017,City,249.0,19.99,26.99
Dragster Transporter,2017,City,333.0,29.99,54.99
Sweeper & Excavator,2017,City,299.0,29.99,75.0
People Pack - Fun at the Beach,2017,City,169.0,39.99,48.45
Bus Station,2017,City,337.0,49.99,75.0
Jungle Buggy,2017,City,53.0,6.99,7.4656
Jungle Starter Set,2017,City,88.0,9.99,14.99
Jungle Cargo Helicopter ,2017,City,201.0,19.99,24.0
Jungle Halftrack Mission,2017,City,378.0,39.99,44.99
Jungle Mobile Lab,2017,City,426.0,59.99,64.99
Jungle Exploration Site,2017,City,813.0,119.99,130.3286
Jungle Air Drop Helicopter,2017,City,1250.0,149.99,199.99
Coast Guard Starter Set,2017,City,76.0,9.99,10.0
Sea Rescue Plane,2017,City,141.0,19.99,28.8
4 x 4 Response Unit ,2017,City,347.0,39.99,49.99
Heavy-Duty Rescue Helicopter,2017,City,415.0,59.99,75.0
Coast Guard Headquarters,2017,City,792.0,119.99,158.95
Sailboat Rescue,2017,City,195.0,29.99,40.0
Cargo Terminal,2017,City,740.0,79.99,88.55
King's Guard Artillery,2017,Nexo Knights,98.0,9.99,15.0
Ruina's Lock & Roller,2017,Nexo Knights,208.0,19.99,25.0
The Three Brothers,2017,Nexo Knights,266.0,29.99,18.0
Clay's Falcon Fighter Blaster,2017,Nexo Knights,523.0,49.99,60.1331
Jestro's Headquarters,2017,Nexo Knights,840.0,89.99,135.0
Axl's Rumble Maker,2017,Nexo Knights,393.0,39.99,74.25
Aaron's Rock Climber,2017,Nexo Knights,598.0,59.99,120.0
Knighton Castle,2017,Nexo Knights,1426.0,129.99,225.0
Lance vs. Lightning,2017,Nexo Knights,257.0,24.99,50.0
Battle Suit Macy,2017,Nexo Knights,66.0,9.99,19.99
Battle Suit Axl,2017,Nexo Knights,88.0,9.99,11.95
Battle Suit Lance,2017,Nexo Knights,83.0,9.99,20.0
Combo NEXO Powers Wave 1,2017,Nexo Knights,10.0,3.99,5.0
Spinjitzu Training,2017,The LEGO Ninjago Movie,109.0,9.99,14.6849
NINJAGO City Chase,2017,The LEGO Ninjago Movie,233.0,19.99,25.0
Master Falls,2017,The LEGO Ninjago Movie,312.0,29.99,60.0
Manta Ray Bomber,2017,The LEGO Ninjago Movie,341.0,29.99,29.99
Flying Jelly Sub,2017,The LEGO Ninjago Movie,341.0,29.99,35.0
Water Strider,2017,The LEGO Ninjago Movie,494.0,29.99,68.0
Green Ninja Mech Dragon,2017,The LEGO Ninjago Movie,544.0,49.99,101.7715
Garma Mecha Man,2017,The LEGO Ninjago Movie,747.0,59.99,130.0
Fire Mech,2017,The LEGO Ninjago Movie,944.0,69.99,115.0
Ice Tank,2017,The LEGO Ninjago Movie,914.0,79.99,229.99
Temple of the Ultimate Ultimate Weapon,2017,The LEGO Ninjago Movie,1403.0,99.99,149.99
Destiny's Bounty,2017,The LEGO Ninjago Movie,2295.0,159.99,265.0
NINJAGO City,2017,The LEGO Ninjago Movie,4867.0,299.99,825.0
The Vermillion Attack,2017,Ninjago,83.0,9.99,40.0
Desert Lightning,2017,Ninjago,201.0,19.99,50.0
Destiny's Shadow,2017,Ninjago,360.0,29.99,85.0
Vermillion Invader,2017,Ninjago,313.0,29.99,50.0
Samurai VXL,2017,Ninjago,428.0,49.99,109.95
Dawn of Iron Doom,2017,Ninjago,704.0,59.99,309.0805
Dragon's Forge,2017,Ninjago,1137.0,79.99,230.0
Piranha Attack,2017,The LEGO Ninjago Movie,217.0,19.99,24.99
Garmadon's Volcano Lair,2017,The LEGO Ninjago Movie,521.0,49.99,100.0
Quake Mech,2017,The LEGO Ninjago Movie,1202.0,89.99,147.8185
"garmadon, Garmadon, GARMADON!",2017,The LEGO Ninjago Movie,830.0,79.99,199.99
The Joker Balloon Escape,2017,The LEGO Batman Movie,124.0,14.99,23.99
Mr. Freeze Ice Attack,2017,The LEGO Batman Movie,201.0,19.99,30.0
Catwoman Catcycle Chase,2017,The LEGO Batman Movie,139.0,19.99,18.0
The Riddler Riddle Racer,2017,The LEGO Batman Movie,254.0,29.99,34.95
Clayface Splat Attack,2017,The LEGO Batman Movie,448.0,34.99,39.85
The Batmobile,2017,The LEGO Batman Movie,581.0,59.99,73.8855
The Joker Notorious Lowrider,2017,The LEGO Batman Movie,433.0,49.99,79.99
Killer Croc Tail-Gator,2017,The LEGO Batman Movie,460.0,69.99,88.0
 The Scuttler,2017,The LEGO Batman Movie,775.0,79.99,89.1
Batcave Break-In,2017,The LEGO Batman Movie,1047.0,99.99,115.0
Scarecrow Special Delivery,2017,The LEGO Batman Movie,204.0,19.99,30.3905
The Penguin Arctic Roller,2017,The LEGO Batman Movie,305.0,29.99,52.0
Arkham Asylum,2017,The LEGO Batman Movie,1628.0,149.99,235.0
Scarecrow Fearful Face-off,2017,The LEGO Batman Movie,141.0,14.99,23.75
Bane Toxic Truck Attack,2017,The LEGO Batman Movie,366.0,49.99,95.0707
Two-Face Double Demolition,2017,The LEGO Batman Movie,564.0,59.99,80.0
The Batwing,2017,The LEGO Batman Movie,1053.0,89.99,129.0
The Ultimate Batmobile,2017,The LEGO Batman Movie,1456.0,139.99,249.989
The Joker Manor,2017,The LEGO Batman Movie,3444.0,269.99,595.0
Silent Mary,2017,Pirates of the Caribbean,2294.0,199.99,400.0
Teen Titans Go! Team Pack,2017,Dimensions,105.0,24.99,69.95
The LEGO Batman Movie: Play the Complete Movie,2017,Dimensions,156.0,44.99,35.0
Chase McCain Fun Pack,2017,Dimensions,46.0,14.99,39.0
The Goonies Level Pack,2017,Dimensions,118.0,29.99,17.99
Knight Rider Fun Pack,2017,Dimensions,55.0,14.99,25.99
Starfire Fun Pack,2017,Dimensions,56.0,14.99,14.99
Buttercup Fun Pack,2017,Dimensions,56.0,14.99,8.0
Excalibur Batman Fun Pack,2017,Dimensions,57.0,14.99,18.4369
The Powerpuff Girls Team Pack,2017,Dimensions,93.0,24.99,14.0
Hermione Granger Fun Pack,2017,Dimensions,64.0,14.99,11.0
Beetlejuice Fun Pack,2017,Dimensions,56.0,14.99,35.0
Snowspeeder,2017,Star Wars,1703.0,199.99,495.0
U-wing Microfighter,2017,Star Wars,109.0,9.99,15.0
TIE Striker Microfighter,2017,Star Wars,88.0,9.99,12.93
Y-wing Microfighter,2017,Star Wars,90.0,9.99,29.95
Krennic's Imperial Shuttle Microfighter,2017,Star Wars,78.0,9.99,15.0
Rebel Trooper Battle Pack,2017,Star Wars,120.0,14.99,37.8
Imperial Trooper Battle Pack,2017,Star Wars,112.0,14.99,60.0
First Order Transport Speeder Battle Pack,2017,Star Wars,117.0,14.99,25.0
Bounty Hunter Speeder Bike Battle Pack,2017,Star Wars,125.0,14.99,45.0
Yoda's Jedi Starfighter,2017,Star Wars,262.0,24.99,50.0
Duel on Naboo,2017,Star Wars,208.0,24.99,129.99
The Phantom,2017,Star Wars,269.0,29.99,329.99
Battle on Scarif,2017,Star Wars,419.0,49.99,175.0
Y-wing Starfighter,2017,Star Wars,691.0,59.99,133.0412
Luke's Landspeeder,2017,Star Wars,149.0,19.99,27.5
Desert Skiff Escape,2017,Star Wars,277.0,29.99,100.0
A-wing Starfighter,2017,Star Wars,358.0,39.99,121.5
Resistance Transport Pod,2017,Star Wars,294.0,29.99,30.0
First Order Heavy Scout Walker,2017,Star Wars,554.0,49.99,47.9837
Jakku Quadjumper,2017,Star Wars,457.0,49.99,70.0
Kylo Ren's TIE Fighter,2017,Star Wars,630.0,79.99,190.0
Rathtar Escape,2017,Star Wars,836.0,79.99,63.96
Republic Fighter Tank,2017,Star Wars,305.0,24.99,120.0
Darth Vader Transformation ,2017,Star Wars,282.0,24.99,64.95
Star Wars Advent Calendar,2017,Star Wars,309.0,39.99,50.0
Tracker I,2017,Star Wars,557.0,69.99,100.0
The Arrowhead,2017,Star Wars,775.0,89.99,135.0
BB-8,2017,Star Wars,1106.0,99.99,155.0
Resistance Bomber (Standard pilot version),2017,Star Wars,778.0,109.99,190.0
First Order Heavy Assault Walker,2017,Star Wars,1376.0,149.99,185.3
First Order Star Destroyer,2017,Star Wars,1416.0,159.99,220.0
Jedi Starfighter with Hyperdrive,2017,Star Wars,825.0,99.99,400.0
Millennium Falcon,2017,Star Wars,7541.0,849.99,700.0
Scarif Stormtrooper,2017,Star Wars,89.0,24.99,37.0
Chirrut Îmwe,2017,Star Wars,87.0,24.99,13.6844
Baze Malbus,2017,Star Wars,148.0,24.99,10.0
Elite TIE Fighter Pilot,2017,Star Wars,94.0,19.99,27.0
Rey,2017,Star Wars,85.0,24.99,17.95
Elite Praetorian Guard,2017,Star Wars,92.0,24.99,53.99
Chewbacca,2017,Star Wars,179.0,34.99,40.7277
Downtown Diner,2018,Creator Expert,2480.0,169.99,330.3709
Roller Coaster,2018,Creator Expert,4124.0,379.99,383.6797
James Bond Aston Martin DB5,2018,Creator Expert,1290.0,149.99,184.7063
Winter Village Fire Station,2018,Creator Expert,1166.0,99.99,166.99
Vestas Wind Turbine,2018,Creator Expert,826.0,199.99,222.1783
Rainbow Fun,2018,Classic,85.0,4.99,7.6
Fun Future,2018,Classic,186.0,9.99,10.0
Bricks and Gears,2018,Classic,244.0,19.99,25.0
Blue Baseplate,2018,Classic,1.0,7.99,7.75
Bricks Bricks Bricks,2018,Classic,1500.0,59.99,63.99
Road Repair Truck,2018,Juniors,73.0,9.99,13.64
The Joker Batcave Attack,2018,Juniors,151.0,24.99,18.0
Spider-Man vs. Scorpion Street Showdown,2018,Juniors,125.0,19.99,40.0
Pteranodon Escape,2018,Juniors,84.0,19.99,20.0
Raptor Rescue Truck,2018,Juniors,85.0,24.99,23.6961
T. Rex Breakout,2018,Juniors,150.0,49.99,59.99
Elastigirl's Rooftop Pursuit,2018,Juniors,95.0,19.99,28.88
Underminer Bank Heist,2018,Juniors,149.0,24.99,50.0
The Great Home Escape,2018,Juniors,178.0,29.99,73.0
Belle's Story Time,2018,Juniors,87.0,14.99,17.0
Stephanie's Lakeside House,2018,Juniors,215.0,34.99,21.348
Ariel's Underwater Concert,2018,Juniors,92.0,14.99,19.99
My First Race Car,2018,Duplo,6.0,4.99,4.0
Airport,2018,Duplo,29.0,24.99,23.99
Minnie's Birthday Party,2018,Duplo,21.0,19.99,23.99
Steam Train,2018,Duplo,59.0,64.99,71.98
Spider-Man & Hulk Adventures,2018,Duplo,38.0,29.99,44.991
Belle's Tea Party,2018,Duplo,19.0,19.99,27.0
Gentle Giants Petting Zoo,2018,Duplo,24.0,19.99,27.95
T. rex Tower,2018,Duplo,22.0,29.99,44.95
Mickey's Boat,2018,Duplo,28.0,29.99,35.0
Shanghai,2018,Architecture,597.0,59.99,75.0
Great Wall of China,2018,Architecture,551.0,49.99,79.97
Statue of Liberty,2018,Architecture,1685.0,119.99,93.2974
Las Vegas,2018,Architecture,501.0,39.99,79.95
The Melon Farm,2018,Minecraft,69.0,14.99,25.99
The Nether Fight,2018,Minecraft,84.0,14.99,35.0
The Chicken Coop,2018,Minecraft,198.0,19.99,36.8737
The Zombie Cave,2018,Minecraft,241.0,19.99,34.392
The Polar Igloo,2018,Minecraft,278.0,29.99,7.5
The Nether Portal,2018,Minecraft,470.0,39.99,64.9935
The Skull Arena,2018,Minecraft,198.0,19.99,34.44
The Skeleton Attack,2018,Minecraft,457.0,39.99,99.0
The Bedrock Adventures,2018,Minecraft,644.0,89.99,110.137
Voltron,2018,Ideas,2321.0,179.99,375.0
Ship in a Bottle,2018,Ideas,962.0,69.99,97.9575
TRON: Legacy,2018,Ideas,230.0,34.99,74.99
Pop-Up Book,2018,Ideas,859.0,69.99,60.0
Road Worker,2018,City,58.0,3.99,6.7328
Police Water Plane,2018,City,48.0,3.99,3.6679
Arctic Ice Saw,2018,City,43.0,3.99,6.0
Baby Velociraptor Playpen,2018,Jurassic World,48.0,3.99,6.0
Olivia's Remote Control Boat,2018,Friends,25.0,3.99,2.0
Unikitty Roller Coaster Wagon,2018,Unikitty,46.0,3.99,2.99
Royal Talon Fighter,2018,Marvel Super Heroes,59.0,3.99,3.3697
The Guardians' Ship,2018,Marvel Super Heroes,69.0,3.99,5.5
Animal Free Builds - Make It Yours,2018,Miscellaneous,10.0,1.99,3.4
Cute Pug,2018,Creator,68.0,3.99,15.0
Drone Explorer,2018,Creator,109.0,9.99,10.0
Extreme Engines,2018,Creator,109.0,9.99,9.0
Mythical Creatures,2018,Creator,223.0,14.99,19.99
Rocket Rally Car,2018,Creator,241.0,19.99,20.0
Outback Adventures,2018,Creator,225.0,19.99,20.7341
Daredevil Stunt Plane,2018,Creator,200.0,19.99,24.0
Modular Sweet Surprises,2018,Creator,396.0,39.99,37.99
Tree House Treasures ,2018,Creator,260.0,29.99,37.0831
Sunshine Surfer Van,2018,Creator,379.0,34.99,49.99
Modular Winter Vacation,2018,Creator,374.0,34.99,40.0
Modular Skate House,2018,Creator,422.0,39.99,55.0
Cruising Adventures,2018,Creator,597.0,59.99,40.0
Pirate Roller Coaster,2018,Creator,923.0,89.99,139.0
Mobile Stunt Show,2018,Creator,581.0,49.99,59.99
Flower Display,2018,Seasonal,100.0,5.99,17.99
Pencil Pot,2018,Miscellaneous,187.0,12.99,18.2311
Wedding Favour Set 2018,2018,Miscellaneous,132.0,9.99,47.99
LEGO Ludo Game,2018,Miscellaneous,389.0,39.99,33.657
Valentine's Bee,2018,BrickHeadz,140.0,9.99,17.99
Easter Bunny,2018,BrickHeadz,126.0,9.99,14.0
Halloween Witch,2018,BrickHeadz,151.0,9.99,19.99
Thanksgiving Turkey,2018,BrickHeadz,114.0,9.99,20.0
Mr. & Mrs. Claus,2018,BrickHeadz,341.0,19.99,25.0
LEGO Brand Retail Store,2018,Promotional,362.0,24.99,37.0831
Castle Interior Kit,2018,Disney,115.0,9.99,3.99
Food Accessories,2018,Xtra,30.0,3.99,4.9
Botanical Accessories,2018,Xtra,24.0,3.99,5.99
Traffic Lights,2018,Xtra,46.0,3.99,5.95
Streetlamps,2018,Xtra,34.0,3.99,6.0
Bicycles,2018,Xtra,21.0,3.99,5.49
Mini-Doll Dress-Up Kit,2018,Disney,80.0,9.99,8.31
Sleeping Beauty's Fairytale Castle,2018,Disney,322.0,39.99,69.223
Ariel's Royal Celebration Boat,2018,Disney,380.0,49.99,45.0
Elsa's Market Adventure,2018,Disney,125.0,19.99,13.49
Rapunzel's Castle Bedroom,2018,Disney,156.0,19.99,30.0
Rapunzel's Travelling Caravan,2018,Disney,323.0,39.99,35.99
Emily Jones & The Eagle Getaway,2018,Elves,149.0,14.99,16.4243
Naida & The Water Turtle Ambush,2018,Elves,205.0,19.99,59.99
Azari & The Fire Lion Capture,2018,Elves,360.0,29.99,60.0
Aira & the Song of the Wind Dragon,2018,Elves,451.0,39.99,110.0
Noctura's Tower & the Earth Fox Rescue ,2018,Elves,646.0,59.99,143.8106
Emily & Noctura's Showdown,2018,Elves,650.0,49.99,129.0
The Elvenstar Tree Bat Attack,2018,Elves,883.0,79.99,150.0
Bubbles' Playground Showdown,2018,The Powerpuff Girls,144.0,19.99,19.35
Mojo Jojo Strikes,2018,The Powerpuff Girls,228.0,29.99,45.0
Stephanie's Bedroom,2018,Friends,95.0,9.99,14.0
Stephanie's Soccer Practice,2018,Friends,119.0,14.99,15.0
Emma's Art Stand,2018,Friends,210.0,19.99,25.0
Olivia's Mission Vehicle,2018,Friends,223.0,19.99,25.0
Mia's Tree House,2018,Friends,351.0,29.99,32.0
Stephanie's Sports Arena,2018,Friends,460.0,44.99,25.0
Friendship House,2018,Friends,722.0,69.99,135.0
Andrea's Accessories Store,2018,Friends,294.0,29.99,24.0
Friendship Box,2018,Friends,563.0,49.99,17.5
Service & Care Truck,2018,Friends,247.0,19.99,17.95
Drifting Diner,2018,Friends,345.0,29.99,40.0
Spinning Brushes Car Wash,2018,Friends,325.0,29.99,31.493
Creative Tuning Shop,2018,Friends,413.0,39.99,29.7
The Big Race Day,2018,Friends,648.0,59.99,43.8514
Friends Advent Calendar,2018,Friends,500.0,29.99,24.95
Unikitty Cloud Car,2018,Unikitty,126.0,9.99,8.0
Prince Puppycorn Trike,2018,Unikitty,101.0,9.99,5.0
Party Time,2018,Unikitty,214.0,19.99,9.0
Dr. Fox Laboratory,2018,Unikitty,359.0,29.99,25.0
Unikingdom Creative Brick Box,2018,Unikitty,433.0,39.99,59.95
Unikingdom Fairground Fun,2018,Unikitty,515.0,39.99,75.0
Go Brick Me,2018,BrickHeadz,708.0,29.99,56.0699
The Flash,2018,BrickHeadz,122.0,9.99,29.99
Wonder Woman,2018,BrickHeadz,143.0,9.99,33.99
Aquaman,2018,BrickHeadz,135.0,9.99,16.4515
Cyborg,2018,BrickHeadz,108.0,9.99,14.25
Rey,2018,BrickHeadz,119.0,9.99,13.3168
Kylo Ren,2018,BrickHeadz,130.0,9.99,18.42
Iron Man MK50,2018,BrickHeadz,101.0,9.99,37.3897
Thanos,2018,BrickHeadz,105.0,9.99,36.5
Star-Lord,2018,BrickHeadz,113.0,9.99,24.7
Gamora,2018,BrickHeadz,136.0,9.99,17.1
Han Solo,2018,BrickHeadz,141.0,9.99,19.85
Chewbacca,2018,BrickHeadz,149.0,9.99,26.1653
Tactical Batman & Superman,2018,BrickHeadz,209.0,19.99,96.99
Marty McFly & Doc Brown,2018,BrickHeadz,240.0,19.99,70.0
Steve & Creeper,2018,BrickHeadz,160.0,19.99,99.99
Mr. Incredible & Frozone,2018,BrickHeadz,160.0,19.99,45.0
Owen & Blue,2018,BrickHeadz,234.0,19.99,30.99
Harry Potter & Hedwig,2018,BrickHeadz,180.0,14.99,59.8089
Hermione Granger,2018,BrickHeadz,127.0,9.99,39.99
Elsa,2018,BrickHeadz,130.0,9.99,39.99
Anna & Olaf,2018,BrickHeadz,201.0,14.99,69.99
Darth Vader,2018,BrickHeadz,104.0,9.99,29.99
Stormtrooper,2018,BrickHeadz,124.0,9.99,48.95
Ron Weasley & Albus Dumbledore,2018,BrickHeadz,245.0,19.99,64.99
Peter Venkman & Slimer,2018,BrickHeadz,228.0,19.99,71.104
Ariel & Ursula,2018,BrickHeadz,361.0,19.99,129.99
Mickey Mouse,2018,BrickHeadz,109.0,9.99,91.8299
Minnie Mouse,2018,BrickHeadz,129.0,9.99,99.99
Groot & Rocket,2018,BrickHeadz,189.0,14.99,85.0
Luke Skywalker & Yoda,2018,BrickHeadz,215.0,14.99,70.0
Princess Leia Organa,2018,BrickHeadz,124.0,9.99,48.95
Boba Fett,2018,BrickHeadz,161.0,9.99,60.0
Jack Skellington & Sally,2018,BrickHeadz,193.0,19.99,119.99
Newt Scamander & Gellert Grindelwald,2018,BrickHeadz,247.0,19.99,40.0
Homer Simpson & Krusty the Clown,2018,BrickHeadz,215.0,19.99,99.99
Dozer Compactor,2018,Technic,171.0,19.99,15.0
BASH!,2018,Technic,139.0,19.99,27.95
Racing Yacht,2018,Technic,330.0,39.99,45.0
Rally Car,2018,Technic,1005.0,109.99,110.0
Mack Anthem,2018,Technic,2595.0,179.99,349.99
Forest Harvester,2018,Technic,1003.0,149.99,165.0
Volvo Concept Wheel Loader ZEUX,2018,Technic,1167.0,139.99,124.1153
Rough Terrain Crane,2018,Technic,4057.0,299.99,373.3868
Bugatti Chiron,2018,Technic,3599.0,349.99,350.0
Hook Loader,2018,Technic,176.0,14.99,14.95
Off-Road Chase,2018,City,37.0,6.99,8.9587
Mountain Fugitives,2018,City,88.0,9.99,8.99
Dirt Road Pursuit,2018,City,297.0,39.99,35.991
Mountain Arrest,2018,City,303.0,59.99,59.8232
Mountain Police Headquarters,2018,City,663.0,89.99,112.1684
Mountain River Heist,2018,City,387.0,49.99,56.4223
Wild River Escape,2018,City,126.0,19.99,17.9469
Airshow Jet,2018,City,87.0,9.99,12.74
Speed Record Car,2018,City,78.0,9.99,9.0
Ambulance Helicopter,2018,City,190.0,19.99,26.1726
Forest Tractor,2018,City,174.0,19.99,24.95
Pickup & Caravan,2018,City,344.0,29.99,44.0548
Heavy Cargo Transport,2018,City,310.0,29.99,31.5
Mining Team,2018,City,82.0,9.99,14.9559
Mining Power Splitter,2018,City,127.0,19.99,16.2
Mining Heavy Driller,2018,City,294.0,49.99,45.0
Mining Experts Site,2018,City,883.0,99.99,133.3693
Arctic Ice Glider,2018,City,50.0,6.99,9.0
Arctic Exploration Team,2018,City,70.0,9.99,12.99
Arctic Ice Crawler,2018,City,200.0,24.99,20.7341
Arctic Air Transport,2018,City,277.0,39.99,48.0
Arctic Scout Truck,2018,City,322.0,59.99,52.0271
Arctic Mobile Exploration Base,2018,City,786.0,119.99,142.99
Arctic Supply Plane,2018,City,707.0,79.99,99.5688
Passenger Train,2018,City,677.0,159.99,147.487
Cargo Train,2018,City,1226.0,229.99,225.0
People Pack - Outdoor Adventures,2018,City,164.0,39.99,49.99
City Hospital,2018,City,861.0,99.99,170.0
Tracks,2018,City,20.0,19.99,27.99
Switch Tracks,2018,City,8.0,15.99,15.5
Kai - Spinjitzu Master,2018,Ninjago,61.0,9.99,23.192
Jay - Spinjitzu Master,2018,Ninjago,68.0,9.99,20.0
Zane - Spinjitzu Master,2018,Ninjago,69.0,9.99,15.0
Cole - Spinjitzu Master,2018,Ninjago,73.0,9.99,21.2
Katana V11,2018,Ninjago,257.0,19.99,29.99
Street Race of Snake Jaguar,2018,Ninjago,308.0,29.99,83.0055
Ninja Nightcrawler,2018,Ninjago,552.0,39.99,72.99
Killow vs. Samurai X,2018,Ninjago,556.0,49.99,185.0
Temple of Resurrection,2018,Ninjago,765.0,69.99,259.99
Golden Dragon Master,2018,Ninjago,92.0,14.99,16.85
Cole - Dragon Master,2018,Ninjago,92.0,14.99,12.49
Jay - Dragon Master,2018,Ninjago,92.0,14.99,14.0
Kai - Dragon Master,2018,Ninjago,92.0,14.99,14.0
Zane - Dragon Master,2018,Ninjago,92.0,14.99,10.45
Destiny's Wing,2018,Ninjago,181.0,19.99,29.75
Throne Room Showdown,2018,Ninjago,221.0,19.99,43.0
Stormbringer,2018,Ninjago,493.0,39.99,80.468
Firstbourne,2018,Ninjago,882.0,69.99,111.1411
Dieselnaut,2018,Ninjago,1179.0,109.99,193.5
Dragon Pit,2018,Ninjago,1660.0,129.99,163.0069
NINJAGO City Docks,2018,The LEGO Ninjago Movie,3553.0,229.99,747.7894
Oni Titan,2018,Ninjago,522.0,49.99,110.0
The Bat-Dune Buggy,2018,The LEGO Batman Movie,198.0,19.99,28.5
The Justice League Anniversary Party,2018,The LEGO Batman Movie,267.0,29.99,42.0
Egghead Mech Food Fight,2018,The LEGO Batman Movie,293.0,29.99,40.0
Harley Quinn Cannonball Attack,2018,The LEGO Batman Movie,425.0,49.99,59.2775
The Bat-Space Shuttle,2018,The LEGO Batman Movie,643.0,79.99,160.0
Hogwarts Castle,2018,Harry Potter,6020.0,469.99,350.991
Lance's Hover Jouster,2018,Nexo Knights,217.0,19.99,35.0
Twinfector,2018,Nexo Knights,191.0,19.99,44.0
Aaron's X-bow,2018,Nexo Knights,569.0,49.99,47.99
Y-wing Starfighter,2018,Star Wars,1967.0,199.99,459.0
Millennium Falcon Microfighter,2018,Star Wars,92.0,9.99,19.99
First Order TIE Fighter Microfighter,2018,Star Wars,91.0,9.99,19.95
Ski Speeder vs. First Order Walker Microfighters,2018,Star Wars,216.0,19.99,23.992
A-Wing vs. TIE Silencer Microfighters,2018,Star Wars,188.0,19.99,23.88
First Order Specialists Battle Pack,2018,Star Wars,108.0,14.99,18.4369
Tatooine Battle Pack,2018,Star Wars,97.0,14.99,24.75
General Grievous' Combat Speeder,2018,Star Wars,157.0,29.99,71.0
Ahch-To Island Training,2018,Star Wars,241.0,29.99,45.0
First Order AT-ST,2018,Star Wars,370.0,39.99,64.99
Defense of Crait,2018,Star Wars,746.0,84.99,70.0
Hoth Medical Chamber,2018,Star Wars,255.0,29.99,49.5
Sandspeeder,2018,Star Wars,278.0,29.99,49.0
Mos Eisley Cantina,2018,Star Wars,376.0,39.99,55.0
Jedi and Clone Troopers Battle Pack,2018,Star Wars,102.0,14.99,40.0
Imperial Patrol Battle Pack,2018,Star Wars,99.0,14.99,24.03
Yoda's Hut,2018,Star Wars,229.0,29.99,48.163
Han Solo's Landspeeder,2018,Star Wars,345.0,29.99,36.99
Moloch's Landspeeder,2018,Star Wars,464.0,39.99,38.0
Imperial TIE Fighter,2018,Star Wars,519.0,69.99,179.99
Kessel Run Millennium Falcon,2018,Star Wars,1414.0,169.99,248.0
Star Wars Advent Calendar,2018,Star Wars,307.0,39.99,37.047
Anakin's Jedi Starfighter,2018,Star Wars,247.0,19.99,55.0
Cloud-Rider Swoop Bikes,2018,Star Wars,355.0,29.99,32.6026
Snoke's Throne Room,2018,Star Wars,492.0,69.99,85.0
Imperial Conveyex Transport,2018,Star Wars,622.0,89.99,159.95
X-wing Starfighter,2018,Star Wars,731.0,79.99,112.81
Imperial AT-Hauler,2018,Star Wars,829.0,99.99,149.99
Sandcrawler,2018,Star Wars,1239.0,139.99,249.95
Imperial Landing Craft,2018,Star Wars,636.0,89.99,139.3802
Betrayal at Cloud City,2018,Star Wars,2812.0,349.99,895.0
Porg,2018,Star Wars,811.0,69.99,117.1126
Boba Fett,2018,Star Wars,144.0,29.99,84.0
Darth Vader,2018,Star Wars,168.0,39.99,89.97
Han Solo,2018,Star Wars,101.0,24.99,18.0
Range Trooper,2018,Star Wars,101.0,24.99,79.99
Darth Maul,2018,Star Wars,104.0,29.99,45.0
1968 Ford Mustang Fastback,2018,Speed Champions,183.0,14.99,25.8116
Ford Fiesta M-Sport WRC,2018,Speed Champions,203.0,14.99,37.3425
Ferrari 488 GT3 Scuderia Corsa,2018,Speed Champions,179.0,14.99,28.5
Porsche 919 Hybrid,2018,Speed Champions,163.0,14.99,34.93
Porsche 911 RSR and 911 Turbo 3.0,2018,Speed Champions,391.0,29.99,62.99
Ferrari Ultimate Garage,2018,Speed Champions,841.0,99.99,154.4725
Pteranodon Chase,2018,Jurassic World,126.0,19.99,21.2075
Stygimoloch Breakout,2018,Jurassic World,222.0,29.99,35.0
Blue's Helicopter Pursuit,2018,Jurassic World,397.0,39.99,59.95
Carnotaurus Gyrosphere Escape,2018,Jurassic World,577.0,79.99,76.99
Indoraptor Rampage at Lockwood Estate,2018,Jurassic World,1019.0,129.99,185.2351
Dilophosaurus Outpost Attack,2018,Jurassic World,289.0,39.99,70.0
Jurassic Park Velociraptor Chase ,2018,Jurassic World,360.0,39.99,57.47
T. Rex Transport,2018,Jurassic World,609.0,69.99,100.0
Aragog's Lair,2018,Harry Potter,157.0,14.99,24.741
Grindelwald's Escape,2018,Harry Potter,132.0,19.99,22.7905
Newt's Case of Magical Creatures,2018,Harry Potter,694.0,49.99,71.0
Hogwarts Whomping Willow,2018,Harry Potter,753.0,69.99,46.5
Hogwarts Great Hall,2018,Harry Potter,878.0,99.99,110.0
Hogwarts Express,2018,Harry Potter,801.0,79.99,64.5
Quidditch Match,2018,Harry Potter,500.0,39.99,66.4905
Corner Garage,2019,Creator Expert,2569.0,199.99,258.3622
Ford Mustang,2019,Creator Expert,1471.0,169.99,130.0
NASA Apollo 11 Lunar Lander,2019,Creator Expert,1087.0,99.99,85.0
Gingerbread House,2019,Creator Expert,1477.0,99.99,127.0
Harley-Davidson Fat Boy,2019,Creator Expert,1023.0,99.99,111.99
Woody & RC,2019,Disney,69.0,9.99,14.95
Duke Caboom's Stunt Show,2019,Disney,120.0,19.99,14.5849
Buzz and Bo Peep's Playground Adventure,2019,Disney,139.0,24.99,22.4108
RV Vacation,2019,Disney,178.0,34.99,29.212
Buzz & Woody's Carnival Mania!,2019,Disney,230.0,49.99,30.0
Carnival Thrill Coaster,2019,Disney,98.0,19.99,25.0
Creative Fun,2019,Duplo,120.0,39.99,37.3762
Mickey's Vacation House,2019,Duplo,57.0,49.99,65.655
Toy Story Train,2019,Duplo,21.0,19.99,22.5
Emmet and Lucy's Visitors from the DUPLO Planet,2019,Duplo,53.0,29.99,24.0
My First Minnie Build,2019,Duplo,10.0,9.99,9.99
My First Mickey Build,2019,Duplo,9.0,9.99,5.0
Frozen Ice Castle,2019,Duplo,59.0,49.99,49.0
Bricks and Ideas,2019,Classic,123.0,9.99,6.95
Basic Brick Set ,2019,Classic,300.0,19.99,14.95
Creative Fun,2019,Classic,900.0,39.99,29.0
San Francisco,2019,Architecture,565.0,49.99,64.95
Paris,2019,Architecture,649.0,49.99,36.99
Trafalgar Square,2019,Architecture,1197.0,79.99,70.0
Empire State Building,2019,Architecture,1767.0,129.99,139.99
Minecraft Steve BigFig with Parrot,2019,Minecraft,159.0,14.99,35.0
Minecraft Alex BigFig with Chicken,2019,Minecraft,160.0,14.99,28.0
Minecraft Skeleton BigFig with Magma Cube,2019,Minecraft,142.0,14.99,24.687
The End Battle,2019,Minecraft,222.0,19.99,20.0
Pirate Ship,2019,Minecraft,386.0,39.99,44.8215
The Wool Farm,2019,Minecraft,260.0,19.99,22.1311
The Blaze Bridge,2019,Minecraft,372.0,29.99,25.0
The Creeper Mine,2019,Minecraft,834.0,79.99,84.0
The Flintstones,2019,Ideas,748.0,59.99,60.0
Steamboat Willie,2019,Ideas,751.0,89.99,157.03
Tree House,2019,Ideas,3036.0,249.99,151.2
Central Perk,2019,Ideas,1070.0,59.99,50.0
Dinosaur Fossils,2019,Ideas,910.0,59.99,63.5248
Space Satellite,2019,City,36.0,3.99,4.5
Mia's Water Fun,2019,Friends,28.0,3.99,4.356
Rex's Plantimal Ambush,2019,The LEGO Movie 2,32.0,3.99,2.99
Obi-Wan Kenobi - Collectable Minifigure,2019,Star Wars,12.0,3.99,8.9735
Futuristic Flyer,2019,Creator,157.0,14.99,19.99
Dune Buggy,2019,Creator,147.0,12.99,12.99
Deep Sea Creatures,2019,Creator,230.0,14.99,5.99
Sunset Track Racer,2019,Creator,221.0,19.99,17.95
Underwater Robot,2019,Creator,207.0,19.99,25.48
Shuttle Transporter,2019,Creator,341.0,24.99,29.99
Helicopter Adventure,2019,Creator,114.0,9.99,9.0
Riverside Houseboat,2019,Creator,396.0,39.99,32.0
Race Plane,2019,Creator,333.0,29.99,22.0
Fairground Carousel,2019,Creator,595.0,49.99,45.0
Twin-Rotor Helicopter,2019,Creator,569.0,59.99,49.95
Townhouse Pet Shop & Café,2019,Creator,969.0,79.99,88.6552
Outback Cabin,2019,Creator,305.0,29.99,56.0
Year of the Pig,2019,Seasonal,152.0,9.99,33.1642
Newbury Juice Bar,2019,Hidden Side,127.0,12.99,25.9841
Sea Accessories,2019,Xtra,24.0,3.99,6.0
NINJAGO Minifigure Set,2019,Ninjago,59.0,12.99,19.0
Spider-Man and the Museum Break-In,2019,Marvel Super Heroes,49.0,14.99,44.8676
Summer Celebration Minifigure Pack,2019,Collectable Minifigures,45.0,12.99,12.0
Birthday Clown,2019,BrickHeadz,150.0,9.99,10.0
Valentine's Puppy,2019,BrickHeadz,147.0,9.99,20.0
Easter Chick,2019,BrickHeadz,120.0,9.99,15.0
Halloween Ghost,2019,BrickHeadz,136.0,9.99,24.9
Thanksgiving Scarecrow,2019,BrickHeadz,177.0,9.99,22.0
"Reindeer, Elf and Elfie",2019,BrickHeadz,281.0,19.99,16.55
Dragon Dance Guy,2019,BrickHeadz,170.0,9.99,16.8
Lady Liberty,2019,BrickHeadz,153.0,9.99,12.5965
Jasmine's Petite Tower,2019,Disney,49.0,9.99,10.0
Cinderella's Carriage Ride,2019,Disney,91.0,19.99,18.0
Ariel's Castle,2019,Disney,115.0,24.99,28.0
Aladdin's and Jasmine's Palace Adventures,2019,Disney,193.0,29.99,40.0
"Ariel, Aurora, and Tiana's Royal Celebration",2019,Disney,282.0,39.99,80.0
Rapunzel's Small Tower,2019,Disney,44.0,9.99,9.0
Enchanted Tree House,2019,Disney,302.0,49.99,44.7935
Anna's Canoe Expedition,2019,Disney,108.0,19.99,11.95
Elsa and the Reindeer Carriage,2019,Disney,116.0,29.99,24.75
Arendelle Castle,2019,Disney,521.0,79.99,64.0
Elsa's Jewellery Box,2019,Disney,300.0,39.99,27.99
Olaf,2019,Disney,122.0,14.99,6.5
Underwater Loop,2019,Friends,389.0,29.99,24.0
Andrea's Heart Box,2019,Friends,84.0,7.99,8.99
Emma's Heart Box,2019,Friends,85.0,7.99,9.99
Stephanie's Heart Box,2019,Friends,85.0,7.99,9.99
Olivia's Heart Box,2019,Friends,85.0,7.99,8.99
Mia's Heart Box,2019,Friends,83.0,7.99,9.99
Mia's Foal Stable ,2019,Friends,118.0,19.99,22.25
Heartlake City Supermarket,2019,Friends,140.0,29.99,29.99
Mia's Forest Adventures ,2019,Friends,134.0,14.99,12.99
Stephanie's Buggy & Trailer ,2019,Friends,166.0,19.99,16.49
Emma's Art Studio,2019,Friends,235.0,24.99,42.24
Olivia's Cupcake Cafe,2019,Friends,335.0,29.99,29.99
Stephanie's Horse Jumping,2019,Friends,337.0,39.99,37.5
Andrea's Talent Show,2019,Friends,492.0,49.99,30.0
Mia's House,2019,Friends,715.0,69.99,75.0
Mia's Horse Trailer,2019,Friends,216.0,29.99,30.0
Stephanie's Gymnastics Show,2019,Friends,241.0,29.99,30.0
Funny Octopus Ride,2019,Friends,324.0,39.99,33.98
Andrea's Pool Party,2019,Friends,468.0,49.99,49.8638
Heartlake City Amusement Pier,2019,Friends,1251.0,129.99,111.144
Dolphins Rescue Mission,2019,Friends,363.0,39.99,28.99
Heartlake City Restaurant,2019,Friends,624.0,59.99,39.99
Lighthouse Rescue Center,2019,Friends,602.0,59.99,38.99
Rescue Mission Boat,2019,Friends,908.0,89.99,89.5795
Olivia's Hamster Playground,2019,Friends,81.0,9.99,10.0
Olivia's Summer Heart Box,2019,Friends,93.0,7.99,6.25
Power Boat,2019,Technic,174.0,14.99,21.99
Police Pursuit,2019,Technic,120.0,19.99,14.9925
Rescue Helicopter,2019,Technic,325.0,39.99,32.95
Chevrolet Corvette ZR1,2019,Technic,579.0,49.99,48.0
Tracked Loader,2019,Technic,827.0,79.99,152.991
Remote-Controlled Stunt Racer,2019,Technic,324.0,99.99,154.0
Porsche 911 RSR,2019,Technic,1580.0,179.99,128.99
Compact Crawler Crane,2019,Technic,920.0,99.99,139.99
Car Transporter,2019,Technic,2493.0,179.99,285.0
4x4 X-Treme Off-Roader,2019,Technic,958.0,249.99,259.99
Liebherr R 9800,2019,Technic,4108.0,449.99,614.736
Land Rover Defender,2019,Technic,2573.0,199.99,194.4628
Elsa's Ice Palace,2019,Disney,701.0,79.99,69.49
Ski Resort,2019,City,806.0,89.99,99.99
Jet Patrol,2019,City,54.0,9.99,9.7113
Sky Police Drone Chase,2019,City,192.0,29.99,14.99
Parachute Arrest,2019,City,218.0,39.99,28.0
Diamond Heist,2019,City,400.0,59.99,50.0
Barbecue Burn Out,2019,City,64.0,9.99,9.95
Dock Side Fire,2019,City,97.0,19.99,18.29
Burger Bar Fire Rescue,2019,City,327.0,39.99,28.99
Fire Station,2019,City,509.0,69.99,52.2591
Downtown Fire Brigade,2019,City,943.0,99.99,80.0
Fire Plane,2019,City,363.0,59.99,59.99
Desert Rally Racer,2019,City,75.0,9.99,15.0
Construction Loader,2019,City,88.0,9.99,7.49
Garbage Truck,2019,City,90.0,19.99,19.99
Diving Yacht,2019,City,148.0,19.99,14.99
Snow Groomer,2019,City,197.0,19.99,38.0
Harvester Transport,2019,City,358.0,29.99,40.0
Satellite Service Mission,2019,City,84.0,9.99,19.3515
Rover Testing Drive,2019,City,202.0,29.99,24.99
Mars Research Shuttle,2019,City,273.0,39.99,32.0
Lunar Space Station,2019,City,412.0,59.99,60.0
Deep Space Rocket and Launch Control,2019,City,837.0,99.99,105.0
 Rocket Assembly & Transport,2019,City,1055.0,149.99,120.0
People Pack - Space Research and Development,2019,City,209.0,39.99,38.39
Fire Chief Response Truck,2019,City,201.0,29.99,25.8246
Garage Center,2019,City,234.0,49.99,40.0
Donut Shop Opening,2019,City,790.0,89.99,80.0
People Pack - Fun Fair,2019,City,183.0,39.99,33.25
City Advent Calendar,2019,City,234.0,29.99,26.1633
Straight & T-Junction ,2019,City,2.0,14.99,21.8421
Curves & Crossroad,2019,City,2.0,14.99,10.0
Police Patrol Car,2019,City,92.0,9.99,11.2054
Kayak Adventure,2019,City,84.0,9.99,17.4932
J.B.'s Ghost Lab,2019,Hidden Side,174.0,19.99,18.6756
Wrecked Shrimp Boat,2019,Hidden Side,310.0,29.99,33.9403
Graveyard Mystery,2019,Hidden Side,335.0,29.99,32.0
El Fuego's Stunt Truck,2019,Hidden Side,428.0,39.99,23.99
Shrimp Shack Attack,2019,Hidden Side,579.0,49.99,49.95
Paranormal Intercept Bus 3000,2019,Hidden Side,689.0,59.99,49.99
Ghost Train Express,2019,Hidden Side,698.0,79.99,79.0
Newbury Haunted High School,2019,Hidden Side,1474.0,129.99,129.99
Spinjitzu Kai,2019,Ninjago,97.0,9.99,14.99
Spinjitzu Jay,2019,Ninjago,97.0,9.99,14.99
Spinjitzu Zane,2019,Ninjago,109.0,9.99,14.99
Spinjitzu Nya & Wu,2019,Ninjago,227.0,19.99,22.4339
Spinjitzu Lloyd vs. Garmadon,2019,Ninjago,208.0,19.99,33.25
The Samurai Mech,2019,Ninjago,154.0,14.99,24.99
The Golden Dragon,2019,Ninjago,171.0,19.99,26.1728
Kai's Blade Cycle & Zane's Snowmobile,2019,Ninjago,376.0,29.99,60.0
Jay's Storm Fighter,2019,Ninjago,490.0,39.99,67.2548
Cole's Earth Driller ,2019,Ninjago,587.0,49.99,84.99
Monastery of Spinjitzu,2019,Ninjago,1070.0,79.99,134.3804
Lloyd's Journey,2019,Ninjago,81.0,14.99,19.75
Cole's Dirt Bike,2019,Ninjago,212.0,19.99,31.59
Shuricopter,2019,Ninjago,361.0,29.99,33.5951
Fire Fang,2019,Ninjago,463.0,39.99,66.9678
Katana 4X4,2019,Ninjago,450.0,49.99,56.95
Lloyd's Titan Mech,2019,Ninjago,876.0,79.99,149.3116
Land Bounty,2019,Ninjago,1178.0,129.99,215.0
Castle of the Forsaken Emperor,2019,Ninjago,1218.0,99.99,179.99
The Ultra Dragon,2019,Ninjago,951.0,84.99,146.9279
Monastery Training,2019,Ninjago,122.0,9.99,9.99
Spinjitzu Slam - Lloyd,2019,Ninjago,70.0,9.99,11.75
Spinjitzu Slam - Jay,2019,Ninjago,72.0,9.99,7.99
Spinjitzu Slam - Zane,2019,Ninjago,63.0,9.99,15.99
LEGO Movie Maker,2019,The LEGO Movie 2,482.0,49.99,24.95
Emmet and Benny's 'Build and Fix' Workshop!,2019,The LEGO Movie 2,117.0,19.99,17.0
Unikitty's Sweetest Friends EVER!,2019,The LEGO Movie 2,76.0,9.99,11.49
Emmet's Thricycle!,2019,The LEGO Movie 2,174.0,14.99,10.0
Introducing Queen Watevra Wa'Nabi,2019,The LEGO Movie 2,115.0,19.99,12.0
Queen Watevra's Build Whatever Box!,2019,The LEGO Movie 2,455.0,39.99,20.0
Rex's Rex-treme Offroader!,2019,The LEGO Movie 2,236.0,29.99,22.2282
Ultrakatty & Warrior Lucy!,2019,The LEGO Movie 2,348.0,29.99,30.0
Pop-Up Party Bus,2019,The LEGO Movie 2,1024.0,79.99,30.0
Emmet and Lucy's Escape Buggy!,2019,The LEGO Movie 2,550.0,49.99,48.5263
Sweet Mayhem's Systar Starship!,2019,The LEGO Movie 2,502.0,69.99,45.0
Emmet's Dream House/Rescue Rocket!,2019,The LEGO Movie 2,706.0,69.99,59.99
Emmet's Builder Box!,2019,The LEGO Movie 2,125.0,29.99,37.3279
Lucy's Builder Box!,2019,The LEGO Movie 2,141.0,29.99,29.8623
MetalBeard's Heavy Metal Motor Trike!,2019,The LEGO Movie 2,461.0,59.99,65.0
Rex's Rexplorer!,2019,The LEGO Movie 2,1187.0,119.99,72.5
Battle-Ready Batman and MetalBeard,2019,The LEGO Movie 2,168.0,19.99,17.0
Shimmer & Shine Sparkle Spa!,2019,The LEGO Movie 2,691.0,69.99,24.95
Queen Watevra's ‘So-Not-Evil' Space Palace,2019,The LEGO Movie 2,995.0,99.99,64.99
The Rexcelsior!,2019,The LEGO Movie 2,1826.0,149.99,150.0
Welcome to Apocalypseburg!,2019,The LEGO Movie 2,3178.0,299.99,696.9011
Benny's Space Squad,2019,The LEGO Movie 2,68.0,9.99,30.0
Emmet's Triple-Decker Couch Mech,2019,The LEGO Movie 2,312.0,29.99,35.0
Good Morning Sparkle Babies!,2019,The LEGO Movie 2,50.0,9.99,19.0
Systar Party Crew,2019,The LEGO Movie 2,196.0,19.99,19.95
Wyld-Mayhem Star Fighter,2019,The LEGO Movie 2,405.0,49.99,37.99
Disney Train and Station,2019,Disney,2925.0,329.99,439.992
Naboo Starfighter Microfighter,2019,Star Wars,62.0,9.99,20.0
Sith Infiltrator Microfighter,2019,Star Wars,92.0,9.99,20.0
Elite Praetorian Guard Battle Pack,2019,Star Wars,109.0,14.99,29.881
Inferno Squad Battle Pack,2019,Star Wars,118.0,14.99,44.95
Escape Pod vs. Dewback Microfighters,2019,Star Wars,177.0,19.99,39.0
Death Star Escape,2019,Star Wars,329.0,29.99,39.0
Kylo Ren & Sith Trooper,2019,BrickHeadz,240.0,19.99,28.0508
Droid Gunship,2019,Star Wars,389.0,49.99,125.5583
AT-AP Walker,2019,Star Wars,689.0,59.99,149.95
X-wing Starfighter Trench Run,2019,Star Wars,132.0,29.99,36.0
Duel on Starkiller Base,2019,Star Wars,191.0,19.99,25.9339
TIE Fighter Attack,2019,Star Wars,77.0,19.99,16.4346
Action Battle Endor Assault,2019,Star Wars,193.0,29.99,16.873
Action Battle Hoth Generator Attack,2019,Star Wars,235.0,29.99,16.873
Major Vonreg's TIE Fighter,2019,Star Wars,496.0,69.99,99.99
Action Battle Echo Base Defense,2019,Star Wars,504.0,59.99,50.0
Black Ace TIE Interceptor,2019,Star Wars,396.0,49.99,54.4987
Slave I - 20th Anniversary Edition,2019,Star Wars,1007.0,119.99,180.0
Tantive IV,2019,Star Wars,1768.0,199.99,274.99
Star Wars Advent Calendar,2019,Star Wars,280.0,39.99,47.5
Death Star Cannon,2019,Star Wars,159.0,19.99,17.99
Rebel A-wing Starfighter,2019,Star Wars,62.0,14.99,24.0
Resistance A-wing Starfighter,2019,Star Wars,269.0,29.99,28.1568
Resistance Y-wing Starfighter,2019,Star Wars,578.0,69.99,52.0
Pasaana Speeder Chase,2019,Star Wars,373.0,39.99,36.5
Darth Vader's Castle,2019,Star Wars,1060.0,129.99,170.0
Imperial Star Destroyer,2019,Star Wars,4784.0,699.99,970.0
Droid Commander,2019,Star Wars,1177.0,199.99,180.0
AT-ST Raider,2019,Star Wars,540.0,49.99,30.0
Yoda,2019,Star Wars,1771.0,99.99,89.99
Kylo Ren's Shuttle,2019,Star Wars,1005.0,129.99,164.99
Millennium Falcon,2019,Star Wars,1351.0,169.99,126.0
Anakin's Podracer – 20th Anniversary Edition,2019,Star Wars,279.0,29.99,40.0
Snowspeeder – 20th Anniversary Edition,2019,Star Wars,309.0,39.99,106.487
Clone Scout Walker  – 20th Anniversary Edition,2019,Star Wars,250.0,29.99,55.0
Imperial Dropship  – 20th Anniversary Edition,2019,Star Wars,125.0,19.99,37.89
The Upside Down,2019,Stranger Things,2287.0,199.99,399.0
Ferrari F40 Competizione,2019,Speed Champions,198.0,14.99,19.0
Chevrolet Camaro ZL1 Race Car,2019,Speed Champions,198.0,14.99,18.0025
McLaren Senna,2019,Speed Champions,219.0,14.99,18.0025
2018 Dodge Challenger SRT Demon and 1970 Dodge Charger R/T,2019,Speed Champions,478.0,29.99,31.0
1967 Mini Cooper S Rally and 2018 MINI John Cooper Works Buggy,2019,Speed Champions,481.0,49.99,59.8235
1974 Porsche 911 Turbo 3.0,2019,Speed Champions,180.0,14.99,24.04
Dilophosaurus on the Loose,2019,Jurassic World,168.0,19.99,25.0
Baryonyx Face-Off: The Treasure Hunt,2019,Jurassic World,434.0,59.99,66.3
Jurassic Park: T. rex Rampage,2019,Jurassic World,3120.0,249.99,350.0
Triceratops Rampage,2019,Jurassic World,447.0,59.99,59.95
T. rex vs Dino-Mech Battle,2019,Jurassic World,716.0,89.99,159.99
Expecto Patronum,2019,Harry Potter,121.0,19.99,24.0
Hungarian Horntail Triwizard Challenge,2019,Harry Potter,265.0,29.99,34.4
Hagrid's Hut: Buckbeak's Rescue,2019,Harry Potter,496.0,59.99,49.99
Hogwarts Clock Tower,2019,Harry Potter,922.0,89.99,65.99
The Knight Bus,2019,Harry Potter,403.0,39.99,39.0
Beauxbatons' Carriage: Arrival at Hogwarts ,2019,Harry Potter,430.0,49.99,66.5
Harry Potter Advent Calendar,2019,Harry Potter,305.0,39.99,37.3513
The Rise of Voldemort,2019,Harry Potter,184.0,19.99,31.95
Tracer vs. Widowmaker,2019,Overwatch,129.0,14.99,18.6756
Hanzo vs. Genji,2019,Overwatch,197.0,19.99,49.99
Dorado Showdown,2019,Overwatch,419.0,29.99,35.0
D.Va & Reinhardt,2019,Overwatch,455.0,39.99,99.97
Bastion,2019,Overwatch,602.0,49.99,120.0
Watchpoint: Gibraltar,2019,Overwatch,730.0,89.99,90.0
Wrecking Ball,2019,Overwatch,227.0,19.99,41.0864
Junkrat & Roadhog,2019,Overwatch,380.0,49.99,69.99
Spider-Man Bike Rescue,2019,Marvel Super Heroes,235.0,19.99,44.991
Spider-Man's Spider Crawler ,2019,Marvel Super Heroes,418.0,39.99,62.6082
Spider Mech vs. Venom ,2019,Marvel Super Heroes,604.0,49.99,85.0
Batman Batsub and the Underwater Clash,2019,DC Comics Super Heroes,174.0,19.99,35.0
Batman Mech vs. Poison Ivy Mech ,2019,DC Comics Super Heroes,375.0,39.99,62.33
Mr. Freeze Batcycle Battle,2019,DC Comics Super Heroes,200.0,19.99,28.0
Batmobile: Pursuit of The Joker,2019,DC Comics Super Heroes,342.0,29.99,50.0
Batwing and The Riddler Heist,2019,DC Comics Super Heroes,489.0,49.99,84.99
Batcave Clayface Invasion,2019,DC Comics Super Heroes,1038.0,99.99,127.0495
Captain America: Outriders Attack,2019,Marvel Super Heroes,167.0,19.99,21.5666
War Machine Buster,2019,Marvel Super Heroes,362.0,34.99,28.99
Iron Man Hall of Armor,2019,Marvel Super Heroes,524.0,59.99,49.99
Avengers Ultimate Quinjet,2019,Marvel Super Heroes,838.0,79.99,70.0
Captain Marvel and The Skrull Attack,2019,Marvel Super Heroes,307.0,29.99,34.994
Molten Man Battle,2019,Marvel Super Heroes,294.0,29.99,30.0
Hydro-Man Attack,2019,Marvel Super Heroes,471.0,39.99,37.99
Stark Jet and the Drone Attack,2019,Marvel Super Heroes,504.0,69.99,63.0
Avengers Compound Battle,2019,Marvel Super Heroes,699.0,99.99,70.0
Spider-Man Car Chase,2019,Marvel Super Heroes,52.0,9.99,17.955
Batman and The Joker Escape,2019,DC Comics Super Heroes,171.0,39.99,34.2884
1989 Batmobile,2019,DC Comics Super Heroes,3306.0,249.99,423.1624
Avengers Hulk Helicopter Rescue,2019,Marvel Super Heroes,482.0,59.99,75.99
Dragon Boat Race,2019,Seasonal,643.0,49.99,55.3076
Boost Hub,2019,Powered Up,1.0,79.99,50.0
Medium Linear Motor,2019,Powered Up,1.0,16.99,19.0
Train Motor,2019,Powered Up,7.0,13.99,27.99
Bookshop,2020,Creator Expert,2504.0,199.99,160.7747
Fiat 500,2020,Creator Expert,960.0,89.99,107.99
Old Trafford - Manchester United,2020,Creator Expert,3898.0,299.99,369.8847
Haunted House,2020,Icons,3231.0,299.99,250.0
Ghostbusters ECTO-1,2020,Icons,2352.0,239.99,218.1427
Elf Club House,2020,Icons,1197.0,99.99,135.0
Colosseum,2020,Icons,9036.0,549.99,399.99
Crocodile Locomotive,2020,Icons,1271.0,99.99,119.99
Alphabet Truck,2020,Duplo,36.0,24.99,22.41
Fire Truck,2020,Duplo,6.0,6.99,4.0
Batcave,2020,Duplo,33.0,29.99,34.99
Super Heroes Lab,2020,Duplo,30.0,29.99,39.95
Ariel's Undersea Castle,2020,Duplo,35.0,29.99,40.0
Playroom,2020,Duplo,17.0,14.99,12.98
Pizza Stand,2020,Duplo,18.0,9.99,12.99
Modular Playhouse,2020,Duplo,129.0,59.99,44.0
Truck & Tracked Excavator,2020,Duplo,20.0,19.99,12.99
Creative Blue Bricks,2020,Classic,52.0,4.99,2.99
Creative Green Bricks,2020,Classic,60.0,4.99,2.49
White Baseplate,2020,Classic,1.0,7.99,12.0
Bricks and Animals,2020,Classic,1500.0,59.99,36.49
Bricks Bricks Plates,2020,Classic,1504.0,69.99,53.77
Tokyo,2020,Architecture,547.0,59.99,66.5
Dubai,2020,Architecture,740.0,59.99,74.7596
The White House,2020,Architecture,1483.0,99.99,90.0
BigFig Creeper and Ocelot,2020,Minecraft,184.0,14.99,23.95
BigFig Pig with Baby Zombie,2020,Minecraft,159.0,14.99,17.98
The Panda Nursery,2020,Minecraft,204.0,19.99,20.0
The Pillager Outpost,2020,Minecraft,303.0,29.99,34.99
The Illager Raid,2020,Minecraft,562.0,59.99,55.0
The Crafting Box 3.0,2020,Minecraft,564.0,69.99,58.12
The Taiga Adventure,2020,Minecraft,74.0,9.99,14.0
The Redstone Battle,2020,Minecraft,504.0,39.99,63.0
International Space Station,2020,Ideas,864.0,69.99,71.0216
Pirates of Barracuda Bay,2020,Ideas,2545.0,199.99,296.3876
Grand Piano,2020,Ideas,3662.0,399.99,300.0
123 Sesame Street,2020,Ideas,1367.0,119.99,120.0
Beach Buggy,2020,City,45.0,4.99,5.5
Super Mushroom Surprise,2020,Super Mario,18.0,4.99,3.98
Chocolate Box & Flower,2020,Friends,75.0,4.99,1.341
Easter Bunny,2020,Creator,67.0,4.99,5.3
Poppy's Carriage,2020,Trolls World Tour,51.0,4.99,2.5
Mini Frame,2020,Dots,85.0,4.99,2.0
Propeller Plane,2020,Creator,128.0,9.99,9.0
Sports Car,2020,Creator,134.0,9.99,10.0
Monster Truck,2020,Creator,163.0,14.99,12.88
Fire Dragon,2020,Creator,234.0,19.99,18.6068
Rocket Truck,2020,Creator,198.0,19.99,15.0
Monster Burger Truck,2020,Creator,499.0,49.99,40.0
Townhouse Toy Store,2020,Creator,554.0,39.99,42.0
Space Rover Explorer,2020,Creator,510.0,39.99,59.99
Caravan Family Holiday,2020,Creator,766.0,69.99,55.4259
Pirate Ship,2020,Creator,1264.0,119.99,85.0
Andy Warhol's Marilyn Monroe,2020,Art,3341.0,119.99,110.7867
The Beatles,2020,Art,2933.0,119.99,179.0
Marvel Studios Iron Man,2020,Art,3167.0,119.99,140.0
Star Wars The Sith,2020,Art,3406.0,119.99,160.0
LEGO® Trains 40th Anniversary Set,2020,Promotional,188.0,19.99,30.0
Easter Egg,2020,Seasonal,239.0,12.99,11.0
Police MF Accessory Set,2020,City,42.0,12.99,15.5125
Fairground Accessory Set,2020,Collectable Minifigures,51.0,12.99,16.99
Golden Zane Accessory Set ,2020,Ninjago,73.0,12.99,10.493
Sports Accessories,2020,Xtra,36.0,3.99,5.875
Botanical Accessories,2020,Xtra,32.0,3.99,5.99
Donald Duck,2020,BrickHeadz,90.0,9.99,11.0
Goofy & Pluto,2020,BrickHeadz,214.0,14.99,17.0
Valentine's Bear,2020,BrickHeadz,150.0,9.99,16.99
Easter Sheep,2020,BrickHeadz,192.0,9.99,19.95
Monkey King,2020,BrickHeadz,175.0,9.99,14.99
Birthday Set,2020,Seasonal,141.0,12.99,14.1846
Wedding Bride,2020,BrickHeadz,306.0,12.99,12.495
Wedding Groom,2020,BrickHeadz,255.0,12.99,12.495
LEGO Trophy,2020,Miscellaneous,200.0,12.99,18.0
Batman,2020,Brick Sketches,115.0,16.99,12.3739
First Order Stormtrooper,2020,Brick Sketches,151.0,16.99,14.95
Drag Racer,2020,Hidden Side,134.0,12.99,15.0
Hot Rod,2020,Promotional,142.0,12.99,15.7
Falcon & Black Widow Team-Up,2020,Marvel Super Heroes,60.0,14.99,18.6565
Hogwarts Students Accessory Set,2020,Harry Potter,53.0,14.99,8.95
Frankenstein,2020,BrickHeadz,108.0,9.99,10.5
Halloween Hayride,2020,Seasonal,148.0,12.99,29.99
Winter Snowball Fight,2020,Seasonal,149.0,12.99,19.95
Nutcracker,2020,BrickHeadz,180.0,9.99,11.95
Christmas Wreath 2-in-1,2020,Seasonal,510.0,39.99,20.744
The Joker,2020,Brick Sketches,170.0,16.99,18.6639
BB-8,2020,Brick Sketches,171.0,16.99,22.95
Lucky Cat,2020,BrickHeadz,134.0,9.99,16.87
Poppy's Pod,2020,Trolls World Tour,103.0,19.99,11.4
Poppy's Air Balloon Adventure,2020,Trolls World Tour,250.0,29.99,15.0
Lonesome Flats Raft Adventure,2020,Trolls World Tour,159.0,29.99,17.0
Volcano Rock City Concert,2020,Trolls World Tour,387.0,39.99,17.0
Pop Village Celebration,2020,Trolls World Tour,380.0,49.99,29.6201
Rainbow Caterbus,2020,Trolls World Tour,395.0,39.99,24.64
Vibe City Concert,2020,Trolls World Tour,494.0,59.99,60.0
Ice Cream Cart,2020,Friends,97.0,9.99,11.0592
Andrea's Car & Stage,2020,Friends,240.0,19.99,24.95
Heartlake City Hair Salon,2020,Friends,235.0,19.99,14.0
Nature Glamping,2020,Friends,241.0,29.99,18.0
Baking Competition,2020,Friends,361.0,39.99,38.0
Heartlake City Hospital,2020,Friends,379.0,49.99,58.95
Puppy Playground,2020,Friends,57.0,9.99,8.0
Andrea's Play Cube - Singer,2020,Friends,49.0,9.99,15.99
Olivia's Play Cube - Researcher,2020,Friends,40.0,9.99,13.5
Mia's Play Cube - Veterinarian,2020,Friends,36.0,9.99,16.99
Olivia's Play Cube - Sweet Shop,2020,Friends,47.0,9.99,20.0
Friends Advent Calendar,2020,Friends,236.0,29.99,27.99
Baby Elephant Jungle Rescue,2020,Friends,203.0,19.99,18.97
Panda Jungle Tree House,2020,Friends,265.0,29.99,34.95
Tiger Hot Air Balloon Jungle Rescue,2020,Friends,302.0,39.99,50.0
Jungle Rescue Base,2020,Friends,648.0,79.99,74.99
Olivia's Flower Garden,2020,Friends,92.0,9.99,7.5
Beach House,2020,Friends,444.0,49.99,25.0
Heartlake City Airplane,2020,Friends,574.0,69.99,67.95
 Heartlake City Brick Box,2020,Friends,321.0,39.99,49.99
Alpaca Mountain Jungle Rescue,2020,Friends,512.0,59.99,88.0
Mia's Jungle Play Cube,2020,Friends,43.0,9.99,18.99
Rainbow Bracelet,2020,Dots,33.0,4.99,2.95
Funky Animals Bracelet,2020,Dots,33.0,4.99,2.98
Sparkly Unicorn Bracelet,2020,Dots,33.0,4.99,3.0
Cosmic Wonder Bracelet,2020,Dots,33.0,4.99,2.0
Pineapple Pencil Holder,2020,Dots,351.0,19.99,14.0
Extra DOTS - Series 1,2020,Dots,109.0,3.99,3.95
Go Team! Bracelet,2020,Dots,33.0,4.99,2.5415
Love Birds Bracelet,2020,Dots,33.0,4.99,4.99
Bracelet Mega Pack,2020,Dots,300.0,24.99,32.95
Creative Picture Frames,2020,Dots,398.0,19.99,13.491
Jewelry Box,2020,Dots,374.0,19.99,23.0
Extra DOTS - Series 2,2020,Dots,109.0,3.99,3.7905
Magic Forest Bracelet,2020,Dots,33.0,4.99,2.99
Power Bracelet,2020,Dots,33.0,4.99,2.99
Buggy,2020,Technic,117.0,12.99,11.99
Mini CLAAS XERION,2020,Technic,130.0,12.99,17.99
Dragster,2020,Technic,225.0,19.99,14.9
Catamaran,2020,Technic,404.0,49.99,50.0
Stunt Show Truck & Bike,2020,Technic,610.0,49.99,39.992
Ducati Panigale V4 R,2020,Technic,646.0,79.99,72.824
Mobile Crane,2020,Technic,1292.0,99.99,149.99
App-Controlled Top Gear Rally Car,2020,Technic,463.0,129.99,199.99
Dom's Dodge Charger,2020,Technic,1077.0,119.99,70.2
Concrete Mixer Truck,2020,Technic,1163.0,119.99,149.3116
6x6 Volvo Articulated Hauler,2020,Technic,2193.0,249.99,255.1078
Lamborghini Sián FKP 37,2020,Technic,3696.0,449.99,325.0
Moana's Ocean Adventure,2020,Disney,46.0,9.99,14.4
Aurora's Royal Carriage,2020,Disney,62.0,9.99,15.0
Mulan's Storybook Adventures,2020,Disney,124.0,19.99,30.3905
Anna and Elsa's Storybook Adventures,2020,Disney,133.0,19.99,17.5
Ariel's Storybook Adventures,2020,Disney,105.0,19.99,25.99
Belle's Storybook Adventures,2020,Disney,111.0,19.99,20.0
Cinderella's Castle Celebration,2020,Disney,168.0,29.99,20.99
Mickey Mouse and Minnie Mouse,2020,Disney,1739.0,179.99,199.97
Belle's Castle Winter Celebration,2020,Disney,238.0,49.99,39.99
Moana's Island Home,2020,Disney,202.0,29.99,45.0
Rapunzel's Tower,2020,Disney,369.0,64.99,51.291
Aurora's Forest Cottage,2020,Disney,300.0,39.99,35.0
SPIKE Prime Set,2020,Education,528.0,399.95,450.0
Robot Inventor,2020,Mindstorms,949.0,359.99,399.99
Police Dog Unit,2020,City,67.0,9.99,9.0
Police Highway Arrest,2020,City,185.0,29.99,15.0
Police Helicopter Chase,2020,City,212.0,39.99,25.0
Police Helicopter Transport,2020,City,317.0,49.99,19.8
Police Monster Truck Heist,2020,City,362.0,59.99,26.5
Police Station,2020,City,743.0,99.99,66.77
Forest Fire,2020,City,84.0,9.99,10.0
Fire Helicopter Response,2020,City,93.0,29.99,9.99
Street Sweeper,2020,City,89.0,9.99,14.1025
Mail Plane,2020,City,74.0,9.99,10.95
Monster Truck,2020,City,55.0,9.99,10.49
Construction Bulldozer,2020,City,126.0,19.99,18.5
Ice-Cream Truck,2020,City,200.0,19.99,15.0
Race Boat Transporter,2020,City,238.0,29.99,28.0
Stunt Team,2020,City,62.0,9.99,15.992
Racing Cars,2020,City,190.0,29.99,20.0
Service Station,2020,City,354.0,49.99,62.99
Tuning Workshop,2020,City,897.0,99.99,73.4902
Air Race,2020,City,140.0,39.99,19.0
Central Airport,2020,City,286.0,59.99,49.99
Passenger Airplane,2020,City,669.0,99.99,119.6153
Ocean Mini-Submarine,2020,City,41.0,9.99,12.0
Ocean Exploration Submarine,2020,City,286.0,39.99,33.15
Ocean Exploration Base,2020,City,497.0,79.99,73.4632
Ocean Exploration Ship,2020,City,745.0,149.99,207.1305
Safari Off-Roader,2020,City,168.0,19.99,19.99
City Advent Calendar,2020,City,342.0,29.99,18.0
Police Brick Box,2020,City,301.0,39.99,35.75
Main Square,2020,City,1517.0,199.99,139.99
Elite Police Boat Transport,2020,City,166.0,29.99,23.0607
Elite Police Driller Chase,2020,City,179.0,29.99,17.9286
Elite Police Lighthouse Capture,2020,City,189.0,29.99,20.1697
Welcome to the Hidden Side,2020,Hidden Side,189.0,19.99,24.99
Jack's Beach Buggy,2020,Hidden Side,170.0,19.99,15.99
El Fuego's Stunt Plane,2020,Hidden Side,295.0,29.99,34.0
Newbury Subway,2020,Hidden Side,348.0,29.99,20.0
The Lighthouse of Darkness,2020,Hidden Side,540.0,49.99,44.0
Haunted Fairground,2020,Hidden Side,466.0,49.99,49.95
J.B.'s Submarine,2020,Hidden Side,224.0,19.99,22.4108
Supernatural Race Car,2020,Hidden Side,244.0,29.99,35.0
Newbury Abandoned Prison,2020,Hidden Side,400.0,39.99,70.0
Phantom Fire Truck 3000,2020,Hidden Side,760.0,59.99,90.0
Mystery Castle,2020,Hidden Side,1035.0,99.99,264.95
Spinjitzu Burst - Cole,2020,Ninjago,48.0,9.99,9.0
Spinjitzu Burst - Kai,2020,Ninjago,48.0,9.99,7.9
Spinjitzu Burst Lloyd,2020,Ninjago,48.0,9.99,8.016
Adventures with Mario,2020,Super Mario,231.0,59.99,35.9
Guarded Fortress,2020,Super Mario,468.0,49.99,36.99
Desert Pokey,2020,Super Mario,180.0,19.99,12.5
Whomp's Lava Trouble,2020,Super Mario,133.0,19.99,12.0
Piranha Plant Power Slide,2020,Super Mario,217.0,29.99,29.99
Boomer Bill Barrage,2020,Super Mario,132.0,29.99,29.99
Mario's House & Yoshi,2020,Super Mario,205.0,29.99,29.99
Toad's Treasure Hunt,2020,Super Mario,464.0,69.99,69.99
Bowser's Castle Boss Battle,2020,Super Mario,1010.0,99.99,139.99
Fire Mario Power-Up Pack ,2020,Super Mario,11.0,9.99,58.95
Propeller Mario Power-Up Pack,2020,Super Mario,13.0,9.99,17.99
Cat Mario Power-Up Pack,2020,Super Mario,11.0,9.99,25.0
Builder Mario Power-Up Pack,2020,Super Mario,10.0,9.99,15.0
Nintendo Entertainment System,2020,Super Mario,2646.0,269.99,249.99
Thwomp Drop,2020,Super Mario,393.0,39.99,49.99
King Boo and the Haunted Yard,2020,Super Mario,431.0,49.99,59.99
Thunder Raider,2020,Ninjago,576.0,49.99,110.99
Kai's Fire Dragon,2020,Ninjago,81.0,19.99,18.5242
Golden Mech,2020,Ninjago,489.0,39.99,65.8182
Kai Fighter,2020,Ninjago,513.0,39.99,30.0
Destiny's Bounty,2020,Ninjago,1781.0,129.99,164.5454
Cole's Speeder Car,2020,Ninjago,52.0,9.99,9.49
Kai's Mech Jet,2020,Ninjago,217.0,19.99,19.95
Gamer's Market,2020,Ninjago,218.0,29.99,43.38
Jay and Lloyd's Velocity Racers,2020,Ninjago,322.0,29.99,31.99
Ninja Tuner Car,2020,Ninjago,419.0,39.99,28.8
Jay's Cyber Dragon,2020,Ninjago,518.0,49.99,49.9
Empire Temple of Madness,2020,Ninjago,810.0,79.99,75.0
Empire Dragon,2020,Ninjago,286.0,29.99,35.9796
Kai Avatar - Arcade Pod,2020,Ninjago,49.0,9.99,14.99
Jay Avatar - Arcade Pod,2020,Ninjago,47.0,9.99,18.0
Lloyd Avatar - Arcade Pod,2020,Ninjago,48.0,9.99,9.6326
Journey to the Skull Dungeons,2020,Ninjago,401.0,29.99,34.99
Wu's Battle Dragon,2020,Ninjago,321.0,19.99,28.99
Zane's Mino Creature,2020,Ninjago,616.0,49.99,55.99
Fire Stone Mech,2020,Ninjago,968.0,69.99,74.7201
Skull Sorcerer's Dragon,2020,Ninjago,1016.0,79.99,129.95
Skull Sorcerer's Dungeons,2020,Ninjago,1171.0,99.99,120.0
Resistance Y-wing Microfighter,2020,Star Wars,86.0,9.99,12.0
Kylo Ren's Shuttle Microfighter,2020,Star Wars,72.0,9.99,24.0
T-16 Skyhopper vs Bantha Microfighters,2020,Star Wars,198.0,19.99,19.99
Sith Troopers Battle Pack,2020,Star Wars,105.0,14.99,14.99
Mandalorian Battle Pack,2020,Star Wars,102.0,14.99,19.7125
Snowspeeder,2020,Star Wars,91.0,19.99,18.4845
Duel on Mustafar ,2020,Star Wars,208.0,19.99,34.0
Obi-Wan's Hut,2020,Star Wars,200.0,29.99,29.99
Luke Skywalker's Landspeeder,2020,Star Wars,236.0,29.99,49.21
Sith TIE Fighter,2020,Star Wars,470.0,79.99,67.0
Poe Dameron's X-wing Fighter,2020,Star Wars,761.0,89.99,90.0
TIE Fighter Pilot Helmet,2020,Star Wars,724.0,59.99,264.95
A-wing Starfighter,2020,Star Wars,1673.0,199.99,279.0
Stormtrooper Helmet,2020,Star Wars,647.0,59.99,140.0
Boba Fett Helmet,2020,Star Wars,625.0,59.99,69.99
D-O,2020,Star Wars,519.0,69.99,51.6847
Star Wars Advent Calendar,2020,Star Wars,311.0,39.99,55.3633
501st Legion Clone Troopers,2020,Star Wars,285.0,29.99,37.0
Anakin's Jedi Interceptor,2020,Star Wars,248.0,29.99,53.1488
Armored Assault Tank (AAT),2020,Star Wars,286.0,39.99,42.0
Knights of Ren Transport Ship,2020,Star Wars,595.0,69.99,55.0
General Grievous's Starfighter,2020,Star Wars,487.0,79.99,120.0
AT-AT,2020,Star Wars,1267.0,169.99,150.0
Mos Eisley Cantina,2020,Star Wars,3187.0,399.99,350.0
Death Star Final Duel,2020,Star Wars,775.0,99.99,128.3812
The Razor Crest,2020,Star Wars,1023.0,139.99,117.01
Resistance I-TS Transport,2020,Star Wars,932.0,99.99,136.0
The Mandalorian & The Child,2020,BrickHeadz,295.0,19.99,12.75
The Child,2020,Star Wars,1073.0,89.99,69.99
Unstoppable Bike Chase,2020,Minions: The Rise of Gru,136.0,19.99,18.5235
Brick-built Minions and their Lair,2020,Minions: The Rise of Gru,876.0,49.99,72.0
Dr. Wu's Lab: Baby Dinosaurs Breakout,2020,Jurassic World,164.0,19.99,24.97
Gallimimus and Pteranodon Breakout,2020,Jurassic World,391.0,49.99,40.4955
Indominus rex vs. Ankylosaurus,2020,Jurassic World,537.0,99.99,137.79
Velociraptor: Biplane Rescue Mission,2020,Jurassic World,101.0,29.99,23.16
Hogwarts Room of Requirement,2020,Harry Potter,193.0,19.99,24.9991
Forbidden Forest: Umbridge's Encounter,2020,Harry Potter,253.0,29.99,24.99
4 Privet Drive,2020,Harry Potter,797.0,79.99,49.99
Hogwarts Astronomy Tower,2020,Harry Potter,971.0,99.99,65.0
Diagon Alley,2020,Harry Potter,5544.0,449.99,500.0
Hedwig,2020,Harry Potter,630.0,39.99,35.996
Attack on the Burrow,2020,Harry Potter,1047.0,99.99,138.3426
Harry Potter Advent Calendar,2020,Harry Potter,335.0,39.99,18.0
Iron Man Mech,2020,Marvel Super Heroes,148.0,9.99,11.99
Thanos Mech,2020,Marvel Super Heroes,152.0,9.99,11.0
Avengers Speeder Bike Attack,2020,Marvel Super Heroes,226.0,19.99,19.99
Avengers Truck Take-down,2020,Marvel Super Heroes,477.0,39.99,33.6418
Spider-Man Mech,2020,Marvel Super Heroes,152.0,9.99,15.0
Vulture's Trucker Robbery,2020,Marvel Super Heroes,93.0,19.99,24.99
Spider-Man vs. Doc Ock,2020,Marvel Super Heroes,234.0,19.99,34.7
The Menace of Mysterio,2020,Marvel Super Heroes,163.0,29.99,29.881
Police Station,2021,Icons,2923.0,199.99,245.0
Volkswagen T2 Camper Van,2021,Icons,2207.0,179.99,169.5
Flower Bouquet,2021,Icons,756.0,59.99,41.9958
Bonsai Tree,2021,Icons,878.0,49.99,31.2
Adidas Originals Superstar,2021,Icons,731.0,79.99,64.95
NASA Space Shuttle Discovery,2021,Icons,2354.0,199.99,149.99
Camp Nou - FC Barcelona,2021,Icons,5509.0,349.99,330.0
Bird of Paradise,2021,Icons,1173.0,99.99,94.99
Pickup Truck,2021,Icons,1677.0,129.99,95.0
Queer Eye – The Fab 5 Loft,2021,Icons,974.0,99.99,65.0
The Friends Apartments,2021,Icons,2048.0,179.99,119.99
Santa's Visit,2021,Icons,1445.0,99.99,101.37
Titanic,2021,Icons,9090.0,679.99,640.0
Porsche 911,2021,Icons,1458.0,169.99,131.25
Mickey Mouse's Propeller Plane,2021,Disney,59.0,9.99,10.9
Minnie Mouse's Ice Cream Shop,2021,Disney,100.0,19.99,21.0
Mickey Mouse & Minnie Mouse's Space Rocket,2021,Disney,88.0,19.99,19.99
Mickey Mouse & Donald Duck's Farm,2021,Disney,118.0,29.99,17.71
Mickey & Friends Fire Truck & Station,2021,Disney,144.0,39.99,33.163
Spider-Man Headquarters,2021,Duplo,36.0,29.99,34.0
Space Shuttle Mission,2021,Duplo,23.0,19.99,20.0
Garbage Truck and Recycling,2021,Duplo,19.0,19.99,20.0
Farm Tractor & Animal Care,2021,Duplo,27.0,19.99,9.99
Creative White Bricks,2021,Classic,60.0,4.99,5.0
Creative Transparent Bricks,2021,Classic,500.0,29.99,22.0
Bricks and Wheels,2021,Classic,653.0,39.99,35.0
Taj Mahal,2021,Architecture,2022.0,119.99,83.9
The Coral Reef,2021,Minecraft,92.0,9.99,5.5
The Bee Farm,2021,Minecraft,238.0,19.99,23.0
The Trading Post,2021,Minecraft,201.0,19.99,25.2
The Warped Forest,2021,Minecraft,287.0,29.99,34.95
The First Adventure,2021,Minecraft,542.0,69.99,42.0
The Pig House,2021,Minecraft,490.0,49.99,35.0
The Horse Stable,2021,Minecraft,241.0,19.99,19.99
The Ruined Portal,2021,Minecraft,316.0,29.99,28.0
The Sky Tower,2021,Minecraft,565.0,59.99,44.99
The Modern Treehouse,2021,Minecraft,909.0,119.99,95.0
The Jungle Abomination,2021,Minecraft,489.0,39.99,75.0
Art Project - Create Together,2021,Art,4138.0,119.99,99.9586
Medieval Blacksmith,2021,Ideas,2164.0,179.99,150.0
Winnie the Pooh,2021,Ideas,1265.0,99.99,85.8384
Typewriter,2021,Ideas,2079.0,249.99,200.0
Seinfeld,2021,Ideas,1326.0,79.99,75.0
Fender Stratocaster,2021,Ideas,1074.0,119.99,69.99
Home Alone,2021,Ideas,3955.0,299.99,249.99
Bob Minion with Robot Arms,2021,Minions: The Rise of Gru,75.0,4.99,9.0
Cyber Drone,2021,Creator,113.0,9.99,9.95
Wild Lion,2021,Creator,224.0,14.99,9.25
Race Car Transporter,2021,Creator,328.0,19.99,12.0
Superbike,2021,Creator,236.0,19.99,19.99
Space Mining Mech,2021,Creator,327.0,24.99,24.97
Safari Wildlife Tree House,2021,Creator,397.0,29.99,21.25
Space Shuttle Adventure,2021,Creator,486.0,39.99,40.637
Surfer Beach House,2021,Creator,564.0,49.99,30.0
Ferris Wheel,2021,Creator,1002.0,79.99,124.99
Medieval Castle,2021,Creator,1426.0,99.99,99.99
Crocodile,2021,Creator,454.0,29.99,28.0
Fish Tank,2021,Creator,352.0,29.99,36.0
Harry Potter Hogwarts Crests,2021,Art,4249.0,119.99,101.98
Disney's Mickey Mouse,2021,Art,2658.0,119.99,94.0
World Map,2021,Art,11695.0,249.99,199.0
"Gru, Stuart and Otto",2021,BrickHeadz,244.0,19.99,28.99
"Belle Bottom, Kevin and Bob",2021,BrickHeadz,309.0,19.99,25.2
German Shepherds,2021,BrickHeadz,247.0,14.99,12.99
Shorthair Cats,2021,BrickHeadz,250.0,14.99,16.0
Goldfish,2021,BrickHeadz,186.0,14.99,19.99
Budgies,2021,BrickHeadz,261.0,14.99,13.0
Batman vs. The Penguin & Harley Quinn,2021,DC Comics Super Heroes,63.0,14.99,27.99
Spider-Man versus Venom and Iron Venom,2021,Marvel Super Heroes,63.0,14.99,21.7
Mickey Mouse,2021,Brick Sketches,118.0,16.99,12.5958
Minnie Mouse,2021,Brick Sketches,140.0,16.99,12.5958
Roses,2021,Creator,120.0,12.99,15.87
Tulips,2021,Creator,111.0,9.99,14.99
Valentine's Brown Bear,2021,Seasonal,245.0,14.99,17.1707
Easter Bunny,2021,Seasonal,293.0,14.99,20.0
Chinatown,2021,Xtra,35.0,3.99,4.0
Food,2021,Xtra,36.0,3.99,5.0
Chinese New Year Pandas,2021,BrickHeadz,249.0,19.99,15.99
Yellow Taxi,2021,Creator,124.0,9.99,9.99
Tuk Tuk,2021,Creator,155.0,9.99,9.99
Monkie Kid's RC Race,2021,Monkie Kid,57.0,12.99,22.4108
Daisy Duck,2021,BrickHeadz,110.0,9.99,13.0
Mini Disney Castle,2021,Disney,567.0,39.99,44.2461
Dalmatians,2021,BrickHeadz,252.0,14.99,12.0
Ginger Tabby,2021,BrickHeadz,269.0,14.99,19.99
Cockatiel,2021,BrickHeadz,219.0,14.99,23.95
Hamster,2021,BrickHeadz,243.0,14.99,34.95
Ninjago 10th Anniversary BrickHeadz,2021,BrickHeadz,406.0,29.99,24.98
La Catrina,2021,BrickHeadz,141.0,9.99,18.0
Polar Bear & Gift Pack,2021,Seasonal,142.0,9.99,13.0
"Harry, Hermione, Ron & Hagrid",2021,BrickHeadz,466.0,24.99,39.9
"Voldemort, Nagini & Bellatrix",2021,BrickHeadz,344.0,24.99,29.99
Halloween Owl,2021,Seasonal,228.0,14.99,8.93
Christmas Penguin,2021,Seasonal,244.0,14.99,28.5
Santa's Sleigh,2021,Seasonal,343.0,39.99,46.99
Wizarding World Minifigure Accessory Set,2021,Harry Potter,33.0,14.99,23.99
Kung Fu Training,2021,Minions: The Rise of Gru,54.0,14.99,38.0
Everyone is Awesome,2021,Icons,346.0,34.99,39.5
Cat Grooming Car,2021,Friends,60.0,9.99,14.99
Heartlake City Bakery,2021,Friends,99.0,19.99,12.99
Horse Training and Trailer,2021,Friends,148.0,29.99,24.493
Vet Clinic Rescue Buggy,2021,Friends,100.0,9.99,4.99
Olivia's Electric Car,2021,Friends,183.0,14.99,5.915
Heartlake City Organic Cafe,2021,Friends,314.0,29.99,26.0
Vet Clinic Ambulance,2021,Friends,304.0,29.99,29.99
Heartlake City Vet Clinic,2021,Friends,258.0,39.99,35.991
Heartlake City Movie Theatre,2021,Friends,451.0,49.99,28.994
Andrea's Family House,2021,Friends,802.0,69.99,89.95
Heartlake City Shopping Mall,2021,Friends,1032.0,99.99,90.0
Olivia's Flamingo Cube,2021,Friends,41.0,9.99,4.0
Emma's Dalmatian Cube,2021,Friends,41.0,9.99,4.0
Mia's Pug Cube,2021,Friends,40.0,9.99,8.0
Stephanie's Cat Cube,2021,Friends,46.0,9.99,11.99
Andrea's Bunny Cube,2021,Friends,45.0,9.99,8.0
Olivia's Gaming Cube,2021,Friends,64.0,9.99,15.99
Emma's Fashion Cube,2021,Friends,58.0,9.99,12.99
Mia's Soccer Cube,2021,Friends,56.0,9.99,5.0
Andrea's Swimming Cube,2021,Friends,59.0,9.99,13.99
Forest Waterfall,2021,Friends,93.0,9.99,11.0
Forest House,2021,Friends,326.0,29.99,28.12
Forest Camper Van and Sailboat,2021,Friends,487.0,49.99,30.0
Heartlake City School,2021,Friends,605.0,59.99,36.95
Forest Horseback Riding Center,2021,Friends,511.0,69.99,37.2906
Heartlake City Grand Hotel,2021,Friends,1308.0,99.99,107.991
Magical Funfair Roller Coaster,2021,Friends,974.0,99.99,91.7009
Magical Acrobatics,2021,Friends,223.0,19.99,17.8002
Magical Funfair Stalls,2021,Friends,361.0,29.99,22.2502
Magical Ferris Wheel and Slide,2021,Friends,545.0,59.99,49.95
Friends Advent Calendar,2021,Friends,370.0,29.99,20.0
Doggy Day Care,2021,Friends,221.0,19.99,9.1
Vet Clinic Rescue Helicopter,2021,Friends,249.0,19.99,19.99
Surfer Beachfront,2021,Friends,685.0,69.99,74.6483
Mermaid Vibes Bracelets,2021,Dots,34.0,5.99,5.95
Adventure Bracelets,2021,Dots,34.0,5.99,3.25
Extra DOTS - Series 3,2021,Dots,107.0,3.99,0.73
Cool Cactus Bracelet,2021,Dots,33.0,4.99,1.75
Monster Bracelets,2021,Dots,34.0,5.99,2.98
Secret Holder,2021,Dots,451.0,19.99,19.99
Secret Boxes,2021,Dots,273.0,14.99,15.239
Creative Party Kit,2021,Dots,622.0,24.99,19.99
Bag Tag Dog,2021,Dots,84.0,6.99,9.75
Bag Tag Narwhal,2021,Dots,85.0,6.99,4.99
Bag Tag Panda,2021,Dots,84.0,6.99,7.0
Extra DOTS - Series 4,2021,Dots,105.0,3.99,2.05
Extra DOTS - Series 5,2021,Dots,120.0,3.99,3.99
Music Bracelet,2021,Dots,33.0,4.99,2.98
Starlight Bracelets,2021,Dots,34.0,5.99,3.29
Lots of DOTS,2021,Dots,1040.0,19.99,30.0
Skid Steer Loader,2021,Technic,140.0,9.99,8.99
Race Plane,2021,Technic,145.0,9.99,4.2
Monster Jam Grave Digger,2021,Technic,212.0,19.99,20.7899
Monster Jam Max-D,2021,Technic,230.0,19.99,13.0
Rescue Hovercraft,2021,Technic,457.0,29.99,26.0
Heavy Duty Excavator,2021,Technic,569.0,39.99,54.99
Jeep Wrangler,2021,Technic,665.0,49.99,36.0
McLaren Senna GTR,2021,Technic,830.0,49.99,39.99
Off-Road Buggy,2021,Technic,374.0,129.99,145.0
Ferrari 488 GTE 'AF Corse #51',2021,Technic,1677.0,199.99,145.9927
Ford F-150 Raptor,2021,Technic,1379.0,99.99,105.0
Heavy-Duty Tow Truck,2021,Technic,2017.0,159.99,163.99
Candy Mermaid BeatBox,2021,Vidiyo,71.0,19.99,8.0
Punk Pirate BeatBox,2021,Vidiyo,73.0,19.99,20.4
Alien DJ BeatBox,2021,Vidiyo,73.0,19.99,10.4
Party Llama BeatBox,2021,Vidiyo,82.0,19.99,4.99
Unicorn DJ BeatBox,2021,Vidiyo,84.0,19.99,6.45
HipHop Robot BeatBox,2021,Vidiyo,73.0,19.99,7.9
Metal Dragon BeatBox,2021,Vidiyo,86.0,19.99,12.99
Folk Fairy BeatBox,2021,Vidiyo,89.0,19.99,10.4
Candy Castle Stage,2021,Vidiyo,344.0,29.99,18.0
Robo HipHop Car,2021,Vidiyo,387.0,29.99,18.0
K-Pawp Concert,2021,Vidiyo,514.0,49.99,30.0
Punk Pirate Ship,2021,Vidiyo,615.0,59.99,39.0
The Boombox,2021,Vidiyo,996.0,99.99,55.0
Raya and Sisu Dragon,2021,Disney,216.0,29.99,21.0
Boun's Boat,2021,Disney,247.0,49.99,32.5
Bruni the Salamander Buildable Character,2021,Disney,96.0,12.99,8.4
Elsa and the Nokk Storybook Adventures,2021,Disney,125.0,19.99,11.0
Ariel's Celebration Boat,2021,Disney,114.0,29.99,25.0
Cinderella's Royal Carriage,2021,Disney,237.0,39.99,38.5
"Ariel, Belle, Cinderella and Tiana's Storybook Adventures",2021,Disney,130.0,24.99,21.99
Anna and Elsa's Frozen Wonderland,2021,Disney,154.0,44.99,29.0
The Ice Castle,2021,Disney,1709.0,219.99,190.0
Antonio's Magical Door,2021,Disney,99.0,19.99,14.5211
Isabela's Magical Door,2021,Disney,114.0,19.99,17.1451
The Madrigal House,2021,Disney,587.0,49.99,57.49
SPIKE Essential Set,2021,Education,442.0,319.95,349.95
Small Hub,2021,Education,2.0,214.95,219.95
Police Helicopter,2021,City,51.0,9.99,8.0
Police Prisoner Transport,2021,City,244.0,29.99,14.99
Police Patrol Boat,2021,City,276.0,59.99,45.0
Fire Hazard Truck,2021,City,87.0,9.99,9.25
Fire Rescue Helicopter,2021,City,212.0,39.99,23.334
Fire Command Unit,2021,City,380.0,59.99,35.0
Holiday Camper Van,2021,City,190.0,19.99,14.45
Roadwork Truck,2021,City,58.0,9.99,10.0
Sports Car,2021,City,89.0,9.99,9.49
Beach Rescue ATV,2021,City,79.0,9.99,6.99
Tractor,2021,City,148.0,19.99,14.0
Race Buggy Transporter,2021,City,210.0,19.99,24.0
Airshow Jet Transporter,2021,City,281.0,29.99,28.5
Skate Park,2021,City,195.0,39.99,34.1905
Family House,2021,City,388.0,59.99,38.25
Town Center,2021,City,790.0,99.99,90.0
Stunt Park,2021,City,170.0,39.99,19.8
Stunt Show Truck,2021,City,420.0,69.99,54.99
Stunt Show Arena,2021,City,668.0,99.99,72.25
Wheelie Stunt Bike,2021,City,14.0,7.99,5.0
Demolition Stunt Bike,2021,City,12.0,7.99,5.99
Rocket Stunt Bike,2021,City,14.0,7.99,8.0
Wildlife Rescue ATV,2021,City,74.0,9.99,9.999
Wildlife Rescue Off-Roader,2021,City,157.0,49.99,39.98
Wildlife Rescue Operation,2021,City,525.0,89.99,50.05
City Advent Calendar,2021,City,349.0,29.99,18.8
Road Plates,2021,City,112.0,19.99,22.0
Car Transporter,2021,City,342.0,29.99,34.99
Shopping Street,2021,City,533.0,79.99,60.0
Wildlife Rescue Camp,2021,City,503.0,99.99,96.99
Seaside Police and Fire Mission,2021,City,297.0,49.99,28.0
Selfie Stunt Bike,2021,City,14.0,7.99,4.99
Chicken Stunt Bike,2021,City,10.0,7.99,6.1
Fire Stunt Bike,2021,City,11.0,7.99,5.45
LEGO Minifigures - Marvel Studios Series {Box of 6 random bags},2021,Collectable Minifigures,0.0,29.94,39.571
Master Your Adventure,2021,Super Mario,366.0,59.99,55.99
Chain Chomp Jungle Encounter,2021,Super Mario,160.0,19.99,19.8247
Piranha Plant Puzzling Challenge,2021,Super Mario,267.0,29.99,29.99
Wiggler's Poison Swamp,2021,Super Mario,374.0,39.99,39.99
Penguin Mario Power-Up Pack,2021,Super Mario,18.0,9.99,9.35
Tanooki Mario Power-Up Pack,2021,Super Mario,13.0,9.99,10.38
Adventures with Luigi,2021,Super Mario,280.0,59.99,34.98
Boss Sumo Bro Topple,2021,Super Mario,231.0,29.99,13.3787
Lakitu Sky World,2021,Super Mario,484.0,39.99,39.99
Reznor Knockdown,2021,Super Mario,862.0,69.99,45.0
Bowser's Airship,2021,Super Mario,1152.0,99.99,83.55
Frog Mario Power-Up Pack,2021,Super Mario,11.0,9.99,8.5
Bee Mario Power-Up Pack,2021,Super Mario,13.0,9.99,7.65
Super Mario 64 Question Mark Block,2021,Super Mario,2064.0,199.99,159.944
Epic Battle Set - Kai vs. Skulkin,2021,Ninjago,61.0,9.99,10.99
Epic Battle Set - Zane vs. Nindroid,2021,Ninjago,57.0,9.99,12.99
Epic Battle Set - Jay vs. Serpentine,2021,Ninjago,69.0,9.99,5.51
Epic Battle Set - Cole vs. Ghost Warrior,2021,Ninjago,51.0,9.99,8.79
Kai's Blade Cycle,2021,Ninjago,54.0,9.99,8.45
Tournament of Elements,2021,Ninjago,283.0,29.99,29.862
Boulder Blaster,2021,Ninjago,449.0,39.99,31.98
X-1 Ninja Charger,2021,Ninjago,599.0,49.99,67.2615
Zane's Titan Mech Battle,2021,Ninjago,840.0,64.99,47.0
Ultra Sonic Raider,2021,Ninjago,725.0,79.99,78.0
NINJAGO City Gardens,2021,Ninjago,5685.0,349.99,345.95
Overlord Dragon,2021,Ninjago,372.0,29.99,24.95
Lloyd's Jungle Chopper Bike,2021,Ninjago,183.0,19.99,14.947
Jungle Dragon,2021,Ninjago,506.0,39.99,37.3897
The Keepers' Village,2021,Ninjago,632.0,49.99,48.0
Catamaran Sea Battle,2021,Ninjago,780.0,69.99,60.0
Final Flight of Destiny's Bounty,2021,Ninjago,147.0,39.99,24.5
Lloyd's Hydro Mech,2021,Ninjago,228.0,19.99,19.1926
Ninja Sub Speeder,2021,Ninjago,356.0,39.99,35.0
Fire Dragon Attack,2021,Ninjago,563.0,49.99,55.0
Water Dragon,2021,Ninjago,737.0,79.99,50.0
Temple of the Endless Sea,2021,Ninjago,1060.0,99.99,85.0
Hydro Bounty,2021,Ninjago,1159.0,139.99,102.0
Millennium Falcon Microfighter,2021,Star Wars,101.0,9.99,8.97
Darth Vader Meditation Chamber,2021,Star Wars,663.0,69.99,59.896
Resistance X-wing Starfighter,2021,Star Wars,60.0,19.99,14.95
 AT-AT vs. Tauntaun Microfighters,2021,Star Wars,205.0,19.99,15.0
Trouble on Tatooine,2021,Star Wars,276.0,29.99,18.3562
Imperial TIE Fighter,2021,Star Wars,432.0,44.99,34.95
Luke Skywalker's X-wing Fighter,2021,Star Wars,474.0,49.99,35.0
Imperial Shuttle,2021,Star Wars,660.0,69.99,62.99
Darth Vader Helmet,2021,Star Wars,834.0,79.99,53.3477
Scout Trooper Helmet,2021,Star Wars,471.0,49.99,59.99
Imperial Probe Droid,2021,Star Wars,683.0,59.99,50.0
Star Wars Advent Calendar,2021,Star Wars,335.0,39.99,47.9816
R2-D2,2021,Star Wars,2314.0,239.99,177.4929
Republic Gunship,2021,Star Wars,3292.0,399.99,325.0
Duel on Mandalore,2021,Star Wars,147.0,19.99,17.98
Imperial Armored Marauder,2021,Star Wars,478.0,39.99,40.0
Boba Fett's Starship,2021,Star Wars,593.0,49.99,34.95
Boutique Hotel,2022,Icons,3066.0,229.99,175.2
Vespa 125,2022,Icons,1106.0,99.99,70.0
Back to the Future Time Machine,2022,Icons,1872.0,199.99,159.944
Optimus Prime,2022,Icons,1508.0,179.99,137.67
Loop Coaster,2022,Icons,3756.0,399.99,345.0
Lion Knights' Castle,2022,Icons,4514.0,399.99,329.99
Atari 2600,2022,Icons,2532.0,239.99,199.0
Eiffel Tower,2022,Icons,10001.0,629.99,624.99
Holiday Main Street,2022,Icons,1514.0,99.99,78.82
Succulents,2022,Icons,771.0,49.99,57.0
Orchid,2022,Icons,608.0,49.99,53.0
Galaxy Explorer,2022,Icons,1254.0,99.99,79.95
"Mickey, Minnie and Goofy's Fairground Fun",2022,Disney,184.0,34.99,42.2604
Spider-Man at Doc Ock's Lab,2022,Marvel Super Heroes,131.0,29.99,26.991
Spider-Man Webquarters Hangout,2022,Marvel Super Heroes,155.0,49.99,44.99
Spider-Man & Friends: Funfair Adventure,2022,Duplo,41.0,59.99,31.5
Creative Building Time,2022,Duplo,120.0,44.99,31.02
Creative Monsters,2022,Classic,140.0,9.99,9.99
Space Mission,2022,Classic,1700.0,69.99,55.0
Green Baseplate,2022,Classic,1.0,7.99,7.22
Gray Baseplate,2022,Classic,1.0,14.99,14.6
White Baseplate,2022,Classic,1.0,7.99,6.252
Singapore,2022,Architecture,827.0,59.99,45.0
The Great Pyramid of Giza,2022,Architecture,1476.0,129.99,97.0
The Creeper Ambush,2022,Minecraft,72.0,9.99,11.0
The Fox Lodge,2022,Minecraft,193.0,19.99,19.99
The Guardian Battle,2022,Minecraft,255.0,24.99,18.0
The Bakery,2022,Minecraft,154.0,24.99,25.0
The Llama Village,2022,Minecraft,1252.0,129.99,96.03
The Skeleton Dungeon,2022,Minecraft,364.0,34.99,39.99
Sonic the Hedgehog - Green Hill Zone,2022,Ideas,1125.0,79.99,58.0
The Globe,2022,Ideas,2585.0,229.99,165.0
Vincent van Gogh - The Starry Night,2022,Ideas,2316.0,169.99,149.95
Jazz Quartet,2022,Ideas,1606.0,99.99,89.9
Motorized Lighthouse,2022,Ideas,2065.0,299.99,285.0
The Office,2022,Ideas,1164.0,119.99,94.99
Off-Road Buggy,2022,Creator,160.0,14.99,9.0
Super Robot,2022,Creator,159.0,9.99,6.8
Supersonic-jet,2022,Creator,215.0,19.99,14.391
Street Racer,2022,Creator,258.0,19.99,9.6
Dolphin and Turtle,2022,Creator,137.0,9.99,10.0
Majestic Tiger,2022,Creator,755.0,49.99,26.25
Downtown Noodle Shop,2022,Creator,569.0,44.99,31.42
Viking Ship and the Midgard Serpent,2022,Creator,1192.0,119.99,89.99
Elvis Presley  'The King',2022,Art,3445.0,119.99,130.7891
Jim Lee Batman Collection,2022,Art,4167.0,119.99,99.99
Vespa,2022,Creator,118.0,9.99,14.4517
High-Speed Train,2022,Creator,284.0,19.99,22.1101
New York Postcard,2022,Creator,254.0,14.99,29.95
Mini Disney The Haunted Mansion,2022,Disney,680.0,39.99,65.0
Valentine Lovebirds,2022,Seasonal,298.0,12.99,15.0
Easter Rabbits Display,2022,Seasonal,288.0,12.99,21.5
Sunflowers,2022,Creator,191.0,12.99,12.5
Endgame Battle,2022,Marvel Super Heroes,62.0,14.99,14.99
Electric Scooters & Charging Dock,2022,City,50.0,12.99,15.75
Iron Man,2022,Brick Sketches,200.0,16.99,13.6
Miles Morales,2022,Brick Sketches,214.0,16.99,20.0
Ahsoka Tano,2022,BrickHeadz,164.0,9.99,9.99
Lion Dance Guy,2022,BrickHeadz,239.0,9.99,11.05
French Bulldog,2022,BrickHeadz,237.0,14.99,12.7017
Koi Fish,2022,BrickHeadz,203.0,14.99,29.97
Poodles,2022,BrickHeadz,304.0,14.99,15.0
Obi-Wan Kenobi & Darth Vader,2022,BrickHeadz,260.0,19.99,19.99
Demogorgon & Eleven,2022,BrickHeadz,192.0,19.99,39.99
Chip & Dale,2022,BrickHeadz,226.0,19.99,29.0
Buzz Lightyear,2022,BrickHeadz,114.0,9.99,9.99
Woody and Bo Peep,2022,BrickHeadz,296.0,19.99,19.99
Jake Sully & his Avatar,2022,BrickHeadz,246.0,19.99,24.99
Defense of Hoth,2022,Star Wars,64.0,14.99,11.99
Clone Trooper Command Station,2022,Star Wars,66.0,14.99,22.0
Road Runner & Wile E. Coyote,2022,BrickHeadz,205.0,19.99,19.99
London Postcard,2022,Creator,277.0,14.99,29.0
Halloween Cat and Mouse,2022,Seasonal,328.0,12.99,24.3254
Wintertime Polar Bears,2022,Seasonal,312.0,12.99,18.79
Penguin & Snowflake,2022,Seasonal,139.0,9.99,18.5907
Christmas Tree,2022,Seasonal,784.0,44.99,35.93
LEGO Brand Store,2022,Promotional,541.0,36.99,44.99
Beijing Postcard,2022,Creator,274.0,14.99,24.95
Turtle Protection Vehicle,2022,Friends,90.0,9.99,5.5
Street Food Market,2022,Friends,592.0,49.99,49.99
Canal Houseboat,2022,Friends,737.0,79.99,57.99
Friendship Tree House,2022,Friends,1114.0,79.99,61.191
Main Street Building,2022,Friends,1682.0,159.99,127.553
Friends Advent Calendar,2022,Friends,312.0,34.99,27.99
Vacation Beach House,2022,Friends,686.0,79.99,55.913
Surfer Beach Fun,2022,Friends,288.0,39.99,20.0
Emma's Art School,2022,Friends,844.0,69.99,57.289
Recycling Truck,2022,Friends,259.0,19.99,21.0
Andrea's Theatre School,2022,Friends,1154.0,99.99,62.2334
Stephanie's Sailing Adventure,2022,Friends,304.0,39.99,39.97
Mia's Wildlife Rescue,2022,Friends,430.0,49.99,41.83
Pet Day-Care Center,2022,Friends,593.0,69.99,46.791
Organic Farm ,2022,Friends,826.0,89.99,58.5726
Into the Deep Bracelets with Charms,2022,Dots,36.0,5.99,2.85
Gamer Bracelet with Charms,2022,Dots,37.0,5.99,2.85
Candy Kitty Bracelet & Bag Tag,2022,Dots,188.0,14.99,14.97
Extra DOTS - Series 6,2022,Dots,118.0,3.99,3.95
Lots of DOTS - Lettering,2022,Dots,722.0,19.99,20.0
Big Message Board,2022,Dots,943.0,39.99,35.7
Rainbow Bracelet with Charms,2022,Dots,37.0,5.99,6.6817
Stitch-on Patch,2022,Dots,95.0,5.99,4.893
Extra DOTS Series 7 - Sport,2022,Dots,115.0,3.99,5.0
Big Box,2022,Dots,479.0,34.99,21.0
Mickey Mouse & Minnie Mouse Stitch-on Patch,2022,Dots,95.0,5.99,2.4
The Batman -  Batmobile,2022,Technic,1360.0,99.99,75.0
Chopper,2022,Technic,163.0,12.99,12.0
Telehandler,2022,Technic,143.0,12.99,12.5049
Monster Jam Megalodon,2022,Technic,260.0,19.99,20.7899
Monster Jam El Toro Loco,2022,Technic,247.0,19.99,14.99
John Deere 9620R 4WD Tractor,2022,Technic,390.0,34.99,24.7414
Formula E Porsche 99x Electric,2022,Technic,422.0,49.99,26.0273
Ford Mustang Shelby GT500,2022,Technic,544.0,49.99,48.5263
All-Terrain Vehicle,2022,Technic,764.0,89.99,57.99
App-Controlled Transformation Vehicle,2022,Technic,772.0,149.99,99.0
McLaren Formula 1 Race Car,2022,Technic,1432.0,199.99,130.0
Ferrari Daytona SP3,2022,Technic,3778.0,449.99,425.0
Material Handler,2022,Technic,835.0,149.99,100.79
Airbus H175 Rescue Helicopter,2022,Technic,2001.0,209.99,147.8689
Anna's Castle Courtyard,2022,Disney,74.0,9.99,5.05
Elsa's Castle Courtyard,2022,Disney,53.0,9.99,11.4
"Aurora, Merida and Tiana's Enchanted Creations",2022,Disney,558.0,69.99,43.0
Ultimate Adventure Castle,2022,Disney,698.0,99.99,74.99
Jasmine and Mulan's Adventure,2022,Disney,176.0,44.99,28.4525
Elsa and the Nokk's Ice Stable,2022,Disney,53.0,14.99,10.0
Police Car,2022,City,94.0,9.99,8.0
Space Ride Amusement Truck,2022,City,433.0,49.99,35.991
Ice Cream Truck Police Chase,2022,City,317.0,39.99,25.5
Police Station,2022,City,668.0,69.99,30.0
Police Chase at the Bank,2022,City,915.0,99.99,91.3458
Race Car,2022,City,46.0,9.99,9.0
Stunt Plane,2022,City,59.0,9.99,7.5
Mobile Crane,2022,City,340.0,39.99,23.49
Cement Mixer Truck,2022,City,85.0,19.99,19.99
Picnic in the Park,2022,City,147.0,19.99,15.0
Horse Transporter,2022,City,196.0,29.99,16.6
Beach Lifeguard Station,2022,City,211.0,39.99,24.0
School Day,2022,City,433.0,69.99,56.1
Hospital,2022,City,816.0,119.99,101.98
Touring Stunt Bike,2022,City,10.0,7.99,10.0
Reckless Scorpion Stunt Bike,2022,City,15.0,7.99,7.25
Bathtub Stunt Bike,2022,City,14.0,7.99,9.99
Train Station,2022,City,907.0,99.99,65.0
Freight Train,2022,City,1153.0,199.99,145.0
Express Passenger Train,2022,City,764.0,189.99,145.0
The Knockdown Stunt Challenge,2022,City,117.0,34.99,16.644
Chicken Henhouse,2022,City,101.0,9.99,12.0
Farmers Market Van,2022,City,310.0,44.99,29.8
Barn & Farm Animals,2022,City,230.0,69.99,45.0
Grocery Store,2022,City,404.0,69.99,79.95
Lunar Roving Vehicle,2022,City,275.0,39.99,18.0
Lunar Space Station,2022,City,500.0,79.99,49.491
Lunar Research Base,2022,City,786.0,129.99,90.0
Rocket Launch Center,2022,City,1010.0,159.99,110.0
City Advent Calendar,2022,City,287.0,34.99,20.68
Wild Animal Rescue Missions,2022,City,246.0,39.99,29.98
Mars Spacecraft Exploration Missions,2022,City,298.0,39.99,25.191
LEGO Minifigures - Series 22 {Box of 6 random bags},2022,Collectable Minifigures,0.0,29.94,26.1573
Kai's Spinjitzu Ninja Training,2022,Ninjago,32.0,9.99,9.35
Lloyd's Spinjitzu Ninja Training,2022,Ninjago,32.0,9.99,7.98
Jay's Spinjitzu Ninja Training,2022,Ninjago,25.0,9.99,8.5
Bowser Jr.'s Clown Car ,2022,Super Mario,84.0,9.99,8.5
Luigi's Mansion Lab and Poltergust,2022,Super Mario,179.0,29.99,14.995
Dorrie's Beachfront ,2022,Super Mario,229.0,29.99,29.99
Luigi's Mansion Entryway,2022,Super Mario,504.0,39.99,29.6376
Big Urchin Beach Ride,2022,Super Mario,536.0,59.99,59.99
Luigi's Mansion Haunt-and-Seek,2022,Super Mario,877.0,79.99,79.99
Adventures with Peach,2022,Super Mario,354.0,59.99,35.248
Fuzzy Flippers,2022,Super Mario,154.0,19.99,19.99
Cat Peach Suit and Frozen Tower,2022,Super Mario,494.0,79.99,64.99
Princess Peach's Castle,2022,Super Mario,1216.0,129.99,115.0
Big Spike's Cloudtop Challenge,2022,Super Mario,540.0,69.99,54.99
The Mighty Bowser,2022,Super Mario,2807.0,269.99,206.9931
Big Bad Island,2022,Super Mario,354.0,44.99,44.99
Lloyd's Ninja Mech,2022,Ninjago,57.0,9.99,8.75
Ninja Training Center,2022,Ninjago,524.0,39.99,29.4974
Ninja Ultra Combo Mech,2022,Ninjago,1104.0,89.99,73.99
Lloyd's Legendary Dragon,2022,Ninjago,747.0,69.99,50.0
Ninja Dojo Temple,2022,Ninjago,1394.0,99.99,74.6558
Jay's Golden Dragon Motorbike,2022,Ninjago,137.0,19.99,22.99
Cole's Dragon Cruiser,2022,Ninjago,384.0,44.99,36.0
 Zane's Golden Dragon Jet ,2022,Ninjago,258.0,34.99,33.0371
The Crystal King,2022,Ninjago,722.0,79.99,56.1
Kai's Golden Dragon Raider ,2022,Ninjago,624.0,89.99,71.091
Lloyd's Golden Ultra Dragon ,2022,Ninjago,989.0,149.99,125.0
Snowtrooper Battle Pack,2022,Star Wars,105.0,19.99,15.25
The Razor Crest Microfighter,2022,Star Wars,98.0,9.99,9.0
Hoth AT-ST,2022,Star Wars,586.0,49.99,35.3
The Justifier ,2022,Star Wars,1022.0,169.99,123.9938
Dark Trooper Attack,2022,Star Wars,166.0,34.99,20.38
The Mandalorian's N-1 Starfighter,2022,Star Wars,412.0,59.99,48.0
Boba Fett's Throne Room,2022,Star Wars,732.0,99.99,64.9935
Luke Skywalker (Red Five) Helmet,2022,Star Wars,675.0,69.99,40.0
The Mandalorian Helmet,2022,Star Wars,584.0,69.99,47.95
Death Star Trench Run Diorama,2022,Star Wars,665.0,69.99,64.99
Dagobah Jedi Training Diorama,2022,Star Wars,1000.0,89.99,57.9942
The Razor Crest,2022,Star Wars,6187.0,599.99,450.0
Obi-Wan Kenobi's Jedi Starfighter,2022,Star Wars,282.0,29.99,20.792
Obi-Wan Kenobi vs. Darth Vader,2022,Star Wars,408.0,49.99,33.7459
BD-1,2022,Star Wars,1062.0,99.99,76.9923
Inquisitor Transport Scythe,2022,Star Wars,924.0,99.99,75.0
AT-TE Walker,2022,Star Wars,1082.0,139.99,119.99
Ambush on Ferrix,2022,Star Wars,679.0,69.99,59.1637
Death Star Trash Compactor Diorama,2022,Star Wars,802.0,89.99,99.99
Star Wars Advent Calendar,2022,Star Wars,329.0,44.99,35.0
Luke Skywalker's Landspeeder,2022,Star Wars,1890.0,239.99,149.99
Republic Fighter Tank,2022,Star Wars,262.0,39.99,39.99
Dark Trooper Helmet,2022,Star Wars,693.0,69.99,58.0
Neytiri & Thanator vs. AMP Suit Quaritch,2022,Avatar,560.0,44.99,60.0
Jake & Neytiri's First Banshee Flight,2022,Avatar,572.0,59.99,40.0
Floating Mountains: Site 26 & RDA Samson,2022,Avatar,887.0,99.99,75.0
Toruk Makto & Tree of Souls,2022,Avatar,1212.0,149.99,150.0
Batman & Selina Kyle Motorcycle Pursuit,2022,DC Comics Super Heroes,149.0,14.99,14.9587
Batcave: The Riddler Face-Off,2022,DC Comics Super Heroes,581.0,79.99,58.6886
Wolverine Mech Armor,2022,Marvel Super Heroes,141.0,9.99,12.1442
Iron Man Mech Armor,2022,Marvel Super Heroes,130.0,9.99,10.4584
Black Panther Mech Armor,2022,Marvel Super Heroes,124.0,9.99,5.9
Gargantos Showdown,2022,Marvel Super Heroes,264.0,29.99,14.99
Iron Man Figure,2022,Marvel Super Heroes,381.0,39.99,22.0
Attack on New Asgard,2022,Marvel Super Heroes,159.0,19.99,14.25
The Goat Boat,2022,Marvel Super Heroes,564.0,59.99,26.81
Thor's Hammer,2022,Marvel Super Heroes,979.0,99.99,82.0
Shuri's Lab,2022,Marvel Super Heroes,58.0,9.99,5.75
King Namor's Throne Room,2022,Marvel Super Heroes,355.0,34.99,25.0
Black Panther: War on the Water,2022,Marvel Super Heroes,545.0,89.99,58.7951
Iron Man Armory,2022,Marvel Super Heroes,496.0,89.99,50.0
I am Groot,2022,Marvel Super Heroes,476.0,54.99,33.4933
Sanctum Sanctorum,2022,Marvel Super Heroes,2708.0,249.99,212.4915
Spider-Man & Green Goblin Mech Battle,2022,Marvel Super Heroes,296.0,19.99,34.95
Batman versus Harley Quinn,2022,DC Comics Super Heroes,42.0,9.99,11.99
Venom Figure,2022,Marvel Super Heroes,297.0,24.99,22.0
Guardians of the Galaxy Advent Calendar,2022,Marvel Super Heroes,268.0,44.99,30.0
Hogwarts Moment: Divination Class,2022,Harry Potter,297.0,29.99,25.0
Hogwarts Moment: Defence Against the Dark Arts Class,2022,Harry Potter,257.0,29.99,32.99
Hogwarts Hospital Wing,2022,Harry Potter,510.0,49.99,33.5948
Hogwarts Magical Trunk,2022,Harry Potter,603.0,64.99,39.0
Hogwarts Carriage and Thestrals,2022,Harry Potter,121.0,19.99,13.5
Hogwarts Courtyard: Sirius's Rescue,2022,Harry Potter,345.0,49.99,49.99
Hogwarts: Dumbledore's Office,2022,Harry Potter,654.0,79.99,55.9913
The Ministry of Magic,2022,Harry Potter,990.0,99.99,79.0
Harry Potter Advent Calendar,2022,Harry Potter,334.0,44.99,30.0
Hogwarts Express - Collectors' Edition,2022,Harry Potter,5129.0,499.99,325.0
Hungarian Horntail Dragon,2022,Harry Potter,671.0,49.99,39.99
The Shrieking Shack & Whomping Willow,2022,Harry Potter,777.0,89.99,74.99
Jazz Club,2023,Icons,2899.0,229.99,207.0
Wildflower Bouquet,2023,Icons,939.0,59.99,47.95
Dried Flower Centrepiece,2023,Icons,812.0,49.99,43.98
The Lord of the Rings: Rivendell,2023,Icons,6167.0,499.99,420.39
The Bee Cottage,2023,Minecraft,254.0,24.99,25.0
The Panda Haven,2023,Minecraft,553.0,49.99,44.49
A-Frame Cabin,2023,Ideas,2082.0,179.99,165.56
BTS Dynamite,2023,Ideas,749.0,99.99,15.99
White Rabbit,2023,Creator,258.0,19.99,12.58
Exotic Parrot,2023,Creator,253.0,19.99,15.95
Magical Unicorn,2023,Creator,145.0,9.99,7.29
Birdhouse,2023,Creator,476.0,29.99,30.0
Hokusai - The Great Wave,2023,Art,1810.0,99.99,68.69
Tusken Raider,2023,BrickHeadz,152.0,9.99,19.95
EVE & WALL-E,2023,BrickHeadz,155.0,14.99,14.99
Cruella & Maleficent,2023,BrickHeadz,320.0,19.99,21.95
Llama,2023,BrickHeadz,100.0,9.99,19.97
Frodo & Gollum,2023,BrickHeadz,184.0,14.99,14.99
Gandalf the Grey & Balrog,2023,BrickHeadz,348.0,19.99,29.5
Aragorn & Arwen,2023,BrickHeadz,261.0,19.99,27.5
Heart Ornament,2023,Seasonal,254.0,12.99,23.992
Bird's Nest,2023,Seasonal,232.0,12.99,16.0
Piñata,2023,Seasonal,206.0,9.99,19.0
Daffodils,2023,Icons,216.0,12.99,14.0
Money Tree,2023,Seasonal,336.0,24.99,36.9427
Holiday Camping Trip,2023,Friends,87.0,19.99,13.491
Dog Rescue Center,2023,Friends,617.0,59.99,45.99
Organic Grocery Store,2023,Friends,830.0,89.99,64.99
Downtown Flower and Design Stores,2023,Friends,2010.0,159.99,110.0
Hair Salon,2023,Friends,401.0,39.99,32.5
Extra DOTS Series 8 - Glitter and Shine,2023,Dots,115.0,3.99,3.0
2022 Ford GT,2023,Technic,1466.0,119.99,99.95
Moana's Wayfinding Boat,2023,Disney,321.0,34.99,35.0
Twirling Rapunzel,2023,Disney,89.0,9.99,10.0
'Up' House,2023,Disney,598.0,59.99,60.0
Fire Rescue Boat,2023,City,144.0,29.99,25.97
Fire Command Truck,2023,City,502.0,64.99,48.993
Electric Sports Car,2023,City,95.0,9.99,15.0
Recycling Truck,2023,City,261.0,29.99,29.99
Custom Car Garage,2023,City,507.0,59.99,39.99
ATV and Otter Habitat,2023,City,90.0,9.99,10.0
Zane's Ice Dragon Creature,2023,Ninjago,973.0,99.99,65.0
Boba Fett's Starship Microfighter,2023,Star Wars,85.0,9.99,6.6222
501st Clone Troopers Battle Pack,2023,Star Wars,119.0,19.99,20.0
TIE Bomber,2023,Star Wars,625.0,64.99,45.4935
Mandalorian Fang Fighter vs TIE Interceptor,2023,Star Wars,957.0,99.99,79.99
Captain Rex Helmet,2023,Star Wars,854.0,69.99,65.0
Clone Commander Cody Helmet,2023,Star Wars,766.0,69.99,53.8923
Princess Leia (Boushh) Helmet,2023,Star Wars,670.0,69.99,89.95
Emperor's Throne Room Diorama,2023,Star Wars,807.0,99.99,83.9916
X-wing Starfighter,2023,Star Wars,1949.0,239.99,269.99
Executor Super Star Destroyer,2023,Star Wars,630.0,69.99,90.0
Skimwing Adventure ,2023,Avatar,259.0,34.99,20.0
Mako Submarine,2023,Avatar,553.0,59.99,40.0
Metkayina Reef Home,2023,Avatar,528.0,79.99,59.0
Payakan the Tulkun & Crabsuit,2023,Avatar,761.0,99.99,69.98
Thanos Mech Armor,2023,Marvel Super Heroes,113.0,14.99,20.0
Miles Morales vs. Morbius,2023,Marvel Super Heroes,220.0,24.99,24.0
Ghost Rider Mech & Bike,2023,Marvel Super Heroes,264.0,34.99,34.0
The Hulkbuster: The Battle of Wakanda,2023,Marvel Super Heroes,385.0,49.99,49.99
The Avengers Quinjet,2023,Marvel Super Heroes,795.0,99.99,69.993
Guardians of the Galaxy Headquarters,2023,Marvel Super Heroes,67.0,9.99,10.0
Baby Rocket's Ship,2023,Marvel Super Heroes,330.0,34.99,23.21
The New Guardians' Ship,2023,Marvel Super Heroes,1108.0,99.99,72.2415
Pagani Utopia,2023,Speed Champions,249.0,24.99,25.0
2 Fast 2 Furious Nissan Skyline GT-R (R34),2023,Speed Champions,319.0,24.99,14.64
Fighter Plane Chase,2023,Indiana Jones,387.0,34.99,27.89
Escape from the Lost Tomb,2023,Indiana Jones,600.0,39.99,33.1
Temple of the Golden Idol,2023,Indiana Jones,1545.0,149.99,170.147
Monkie Kid's Combi Mech,2023,Monkie Kid,277.0,19.99,32.0
